-- phpMyAdmin SQL Dump
-- version 5.2.1
-- https://www.phpmyadmin.net/
--
-- Host: 127.0.0.1
-- Generation Time: Mar 24, 2026 at 09:55 AM
-- Server version: 10.4.28-MariaDB
-- PHP Version: 8.2.4

SET SQL_MODE = "NO_AUTO_VALUE_ON_ZERO";
START TRANSACTION;
SET time_zone = "+00:00";


/*!40101 SET @OLD_CHARACTER_SET_CLIENT=@@CHARACTER_SET_CLIENT */;
/*!40101 SET @OLD_CHARACTER_SET_RESULTS=@@CHARACTER_SET_RESULTS */;
/*!40101 SET @OLD_COLLATION_CONNECTION=@@COLLATION_CONNECTION */;
/*!40101 SET NAMES utf8mb4 */;

--
-- Database: `tugasakhirs`
--

-- --------------------------------------------------------

--
-- Table structure for table `cache`
--

CREATE TABLE `cache` (
  `key` varchar(255) NOT NULL,
  `value` mediumtext NOT NULL,
  `expiration` int(11) NOT NULL
) ENGINE=InnoDB DEFAULT CHARSET=utf8mb4 COLLATE=utf8mb4_unicode_ci;

-- --------------------------------------------------------

--
-- Table structure for table `cache_locks`
--

CREATE TABLE `cache_locks` (
  `key` varchar(255) NOT NULL,
  `owner` varchar(255) NOT NULL,
  `expiration` int(11) NOT NULL
) ENGINE=InnoDB DEFAULT CHARSET=utf8mb4 COLLATE=utf8mb4_unicode_ci;

-- --------------------------------------------------------

--
-- Table structure for table `distributors`
--

CREATE TABLE `distributors` (
  `id` int(11) NOT NULL,
  `nama` varchar(225) NOT NULL,
  `alamat` varchar(225) NOT NULL,
  `no_hp` varchar(20) NOT NULL,
  `created_at` datetime DEFAULT current_timestamp(),
  `updated_at` datetime DEFAULT current_timestamp(),
  `deleted_at` datetime DEFAULT NULL
) ENGINE=InnoDB DEFAULT CHARSET=utf8 COLLATE=utf8_general_ci;

--
-- Dumping data for table `distributors`
--

INSERT INTO `distributors` (`id`, `nama`, `alamat`, `no_hp`, `created_at`, `updated_at`, `deleted_at`) VALUES
(1, 'Rheinmetall', 'Bastogne, Germany', '081081081 / email', '2025-04-14 11:47:01', '2025-06-13 12:42:05', NULL),
(4, 'Meiji Indonesia', 'Indonesia', '081081081 / email', '2025-04-23 13:07:54', '2025-06-13 12:42:12', NULL);

-- --------------------------------------------------------

--
-- Table structure for table `failed_jobs`
--

CREATE TABLE `failed_jobs` (
  `id` bigint(20) UNSIGNED NOT NULL,
  `uuid` varchar(255) NOT NULL,
  `connection` text NOT NULL,
  `queue` text NOT NULL,
  `payload` longtext NOT NULL,
  `exception` longtext NOT NULL,
  `failed_at` timestamp NOT NULL DEFAULT current_timestamp()
) ENGINE=InnoDB DEFAULT CHARSET=utf8mb4 COLLATE=utf8mb4_unicode_ci;

-- --------------------------------------------------------

--
-- Table structure for table `gudangs`
--

CREATE TABLE `gudangs` (
  `id` int(11) NOT NULL,
  `lokasi` varchar(45) NOT NULL,
  `created_at` datetime DEFAULT current_timestamp(),
  `updated_at` datetime DEFAULT current_timestamp(),
  `deleted_at` datetime DEFAULT NULL
) ENGINE=InnoDB DEFAULT CHARSET=utf8 COLLATE=utf8_general_ci;

--
-- Dumping data for table `gudangs`
--

INSERT INTO `gudangs` (`id`, `lokasi`, `created_at`, `updated_at`, `deleted_at`) VALUES
(7, 'GudangPenyimpanan_001', '2025-04-14 07:30:46', '2025-04-14 07:30:46', NULL),
(8, 'Kabinet001', '2025-04-14 07:30:57', '2025-04-14 07:30:57', NULL);

-- --------------------------------------------------------

--
-- Table structure for table `jobs`
--

CREATE TABLE `jobs` (
  `id` bigint(20) UNSIGNED NOT NULL,
  `queue` varchar(255) NOT NULL,
  `payload` longtext NOT NULL,
  `attempts` tinyint(3) UNSIGNED NOT NULL,
  `reserved_at` int(10) UNSIGNED DEFAULT NULL,
  `available_at` int(10) UNSIGNED NOT NULL,
  `created_at` int(10) UNSIGNED NOT NULL
) ENGINE=InnoDB DEFAULT CHARSET=utf8mb4 COLLATE=utf8mb4_unicode_ci;

-- --------------------------------------------------------

--
-- Table structure for table `job_batches`
--

CREATE TABLE `job_batches` (
  `id` varchar(255) NOT NULL,
  `name` varchar(255) NOT NULL,
  `total_jobs` int(11) NOT NULL,
  `pending_jobs` int(11) NOT NULL,
  `failed_jobs` int(11) NOT NULL,
  `failed_job_ids` longtext NOT NULL,
  `options` mediumtext DEFAULT NULL,
  `cancelled_at` int(11) DEFAULT NULL,
  `created_at` int(11) NOT NULL,
  `finished_at` int(11) DEFAULT NULL
) ENGINE=InnoDB DEFAULT CHARSET=utf8mb4 COLLATE=utf8mb4_unicode_ci;

-- --------------------------------------------------------

--
-- Table structure for table `migrations`
--

CREATE TABLE `migrations` (
  `id` int(10) UNSIGNED NOT NULL,
  `migration` varchar(255) NOT NULL,
  `batch` int(11) NOT NULL
) ENGINE=InnoDB DEFAULT CHARSET=utf8mb4 COLLATE=utf8mb4_unicode_ci;

-- --------------------------------------------------------

--
-- Table structure for table `notabelis`
--

CREATE TABLE `notabelis` (
  `id` int(11) NOT NULL,
  `created_at` datetime DEFAULT current_timestamp(),
  `updated_at` datetime DEFAULT current_timestamp(),
  `pegawai_id` int(11) NOT NULL,
  `deleted_at` datetime DEFAULT NULL
) ENGINE=InnoDB DEFAULT CHARSET=utf8 COLLATE=utf8_general_ci;

--
-- Dumping data for table `notabelis`
--

INSERT INTO `notabelis` (`id`, `created_at`, `updated_at`, `pegawai_id`, `deleted_at`) VALUES
(1, '2025-04-14 06:37:07', '2025-04-14 06:37:07', 1, NULL),
(2, '2025-04-14 06:50:59', '2025-04-14 06:50:59', 1, NULL),
(3, '2025-04-14 07:21:18', '2025-04-14 07:21:18', 1, NULL),
(4, '2025-04-14 07:32:30', '2025-04-14 07:32:30', 1, NULL),
(5, '2025-04-14 07:39:03', '2025-04-14 07:39:03', 1, NULL),
(6, '2025-04-14 07:40:42', '2025-04-14 07:40:42', 1, NULL),
(7, '2025-04-14 07:43:19', '2025-04-14 07:43:19', 1, NULL),
(8, '2025-04-14 07:43:34', '2025-04-14 07:43:34', 1, NULL),
(9, '2025-04-14 07:45:03', '2025-04-14 07:45:03', 1, NULL),
(10, '2025-04-14 07:45:33', '2025-04-14 07:45:33', 1, NULL),
(11, '2025-04-14 08:03:50', '2025-04-14 08:03:50', 1, NULL),
(12, '2025-04-14 08:13:17', '2025-04-14 08:13:17', 1, NULL),
(13, '2025-04-14 08:15:24', '2025-04-14 08:15:24', 1, NULL),
(14, '2025-04-14 08:40:57', '2025-04-14 08:40:57', 1, NULL),
(15, '2025-04-16 03:42:26', '2025-04-16 03:42:26', 1, NULL),
(16, '2025-04-23 12:17:59', '2025-04-23 12:17:59', 1, NULL),
(17, '2025-04-23 12:24:23', '2025-04-23 12:24:23', 1, NULL),
(18, '2025-04-23 12:27:53', '2025-04-23 12:27:53', 1, NULL),
(19, '2025-04-23 13:02:52', '2025-04-23 13:02:52', 1, NULL),
(20, '2025-04-23 15:08:18', '2025-04-23 15:08:18', 1, NULL),
(21, '2025-04-25 10:46:03', '2025-04-25 10:46:03', 1, NULL),
(22, '2025-04-30 09:03:54', '2025-04-30 09:03:54', 1, NULL),
(23, '2025-05-06 05:56:19', '2025-05-06 05:56:19', 1, NULL),
(24, '2025-05-06 06:05:47', '2025-05-06 06:05:47', 1, NULL),
(25, '2025-05-07 09:03:19', '2025-05-07 09:03:19', 1, NULL),
(26, '2025-05-07 09:11:34', '2025-05-07 09:11:34', 1, NULL),
(27, '2025-05-16 10:47:36', '2025-05-16 10:47:36', 2, NULL),
(28, '2025-05-19 05:31:11', '2025-05-19 05:31:11', 1, NULL),
(29, '2025-05-30 02:55:02', '2025-05-30 02:55:02', 1, NULL),
(30, '2025-05-30 03:27:30', '2025-05-30 03:27:30', 1, NULL),
(31, '2025-05-30 03:28:35', '2025-05-30 03:28:35', 1, NULL),
(32, '2025-05-30 03:29:00', '2025-05-30 03:29:00', 1, NULL),
(33, '2025-05-30 03:34:47', '2025-05-30 03:34:47', 1, NULL),
(34, '2025-05-30 03:50:06', '2025-05-30 03:50:06', 1, NULL),
(35, '2025-05-30 04:01:10', '2025-05-30 04:01:10', 1, NULL),
(36, '2025-06-08 06:53:24', '2025-06-08 06:53:24', 1, NULL),
(37, '2025-06-08 06:59:46', '2025-06-08 06:59:46', 1, NULL),
(38, '2025-06-13 12:44:51', '2025-06-13 12:44:51', 1, NULL),
(39, '2025-06-16 07:55:07', '2025-06-16 07:55:07', 1, NULL),
(40, '2025-06-16 08:00:46', '2025-06-16 08:00:46', 1, NULL),
(41, '2025-06-18 07:44:48', '2025-06-18 07:44:48', 1, NULL),
(42, '2025-06-18 07:56:00', '2025-06-18 07:56:00', 1, NULL),
(43, '2025-06-18 07:56:51', '2025-06-18 07:56:51', 1, NULL),
(44, '2025-06-18 15:39:21', '2025-06-18 15:39:21', 1, NULL),
(45, '2025-06-21 06:00:15', '2025-06-21 06:00:15', 1, NULL),
(46, '2025-06-21 06:01:38', '2025-06-21 06:01:38', 1, NULL),
(47, '2025-08-13 10:26:55', '2025-08-13 10:26:55', 1, NULL),
(48, '2026-03-05 11:46:19', '2026-03-05 11:46:19', 1, NULL),
(49, '2026-03-11 05:02:06', '2026-03-11 05:02:06', 1, NULL);

-- --------------------------------------------------------

--
-- Table structure for table `notabelis_has_produks`
--

CREATE TABLE `notabelis_has_produks` (
  `notabelis_id` int(11) NOT NULL,
  `quantity` int(11) NOT NULL,
  `subtotal` double NOT NULL,
  `created_at` datetime DEFAULT current_timestamp(),
  `updated_at` datetime DEFAULT current_timestamp(),
  `deleted_at` datetime DEFAULT NULL,
  `produkbatches_id` int(11) NOT NULL
) ENGINE=InnoDB DEFAULT CHARSET=utf8 COLLATE=utf8_general_ci;

--
-- Dumping data for table `notabelis_has_produks`
--

INSERT INTO `notabelis_has_produks` (`notabelis_id`, `quantity`, `subtotal`, `created_at`, `updated_at`, `deleted_at`, `produkbatches_id`) VALUES
(13, 20, 400000, '2025-04-14 08:15:24', '2025-04-14 08:15:24', NULL, 1),
(13, 15, 225000, '2025-04-14 08:15:24', '2025-04-14 08:15:24', NULL, 2),
(14, 100, 30000000, '2025-04-14 08:40:57', '2025-04-14 08:40:57', NULL, 3),
(15, 10, 180000, '2025-04-16 03:42:26', '2025-04-16 03:42:26', NULL, 4),
(16, 30, 600000, '2025-04-23 12:17:59', '2025-04-23 12:17:59', NULL, 5),
(18, 30, 600000, '2025-04-23 12:27:53', '2025-04-23 12:27:53', NULL, 5),
(19, 20, 400000, '2025-04-23 13:02:52', '2025-04-23 13:02:52', NULL, 7),
(20, 20, 400000, '2025-04-23 15:08:18', '2025-04-23 15:08:18', NULL, 9),
(21, 15, 105000, '2025-04-25 10:46:03', '2025-04-25 10:46:03', NULL, 10),
(22, 50, 1000000, '2025-04-30 09:03:54', '2025-04-30 09:03:54', NULL, 9),
(22, 15, 300000, '2025-04-30 09:03:54', '2025-04-30 09:03:54', NULL, 11),
(24, 10, 200000, '2025-05-06 06:05:47', '2025-05-06 06:05:47', NULL, 12),
(24, 10, 179990, '2025-05-06 06:05:47', '2025-05-06 06:05:47', NULL, 13),
(25, 30, 11400000, '2025-05-07 09:03:19', '2025-05-07 09:03:19', NULL, 14),
(25, 30, 11550000, '2025-05-07 09:03:19', '2025-05-07 09:03:19', NULL, 15),
(26, 10, 75000, '2025-05-07 09:11:34', '2025-05-07 09:11:34', NULL, 10),
(27, 10, 75000, '2025-05-16 10:47:36', '2025-05-16 10:47:36', NULL, 16),
(28, 70, 1260000, '2025-05-19 05:31:11', '2025-05-19 05:31:11', NULL, 17),
(29, 10, 500000, '2025-05-30 02:55:02', '2025-05-30 02:55:02', NULL, 18),
(32, 10, 500000, '2025-05-30 03:29:00', '2025-05-30 03:29:00', NULL, 19),
(33, 10, 500000, '2025-05-30 03:34:47', '2025-05-30 03:34:47', NULL, 20),
(34, 5, 250000, '2025-05-30 03:50:06', '2025-05-30 03:50:06', NULL, 22),
(35, 10, 50000, '2025-05-30 04:01:10', '2025-05-30 04:01:10', NULL, 24),
(36, 5, 250000, '2025-06-08 06:53:24', '2025-06-08 06:53:24', NULL, 27),
(37, 5, 250000, '2025-06-08 06:59:46', '2025-06-08 06:59:46', NULL, 28),
(37, 5, 25000, '2025-06-08 06:59:46', '2025-06-08 06:59:46', NULL, 29),
(38, 10, 150000, '2025-06-13 12:44:51', '2025-06-13 12:44:51', NULL, 30),
(38, 10, 145000, '2025-06-13 12:44:51', '2025-06-13 12:44:51', NULL, 31),
(39, 300, 12000000, '2025-06-16 07:55:07', '2025-06-16 07:55:07', NULL, 32),
(40, 6500, 50050000, '2025-06-16 08:00:46', '2025-06-16 08:00:46', NULL, 33),
(41, 3, 45000, '2025-06-18 07:44:48', '2025-06-18 07:44:48', NULL, 35),
(42, 20, 40000, '2025-06-18 07:56:00', '2025-06-18 07:56:00', NULL, 36),
(43, 10, 20000, '2025-06-18 07:56:51', '2025-06-18 07:56:51', NULL, 37),
(44, 20, 220000, '2025-06-18 15:39:21', '2025-06-18 15:39:21', NULL, 38),
(45, 5300, 37100000, '2025-06-21 06:00:16', '2025-06-21 06:00:16', NULL, 39),
(46, 100, 3800000, '2025-06-21 06:01:38', '2025-06-21 06:01:38', NULL, 40),
(47, 10, 200000, '2025-08-13 10:26:55', '2025-08-13 10:26:55', NULL, 41),
(48, 10, 500000, '2026-03-05 11:46:20', '2026-03-05 11:46:20', NULL, 42),
(49, 75, 15000000, '2026-03-11 05:02:06', '2026-03-11 05:02:06', NULL, 43),
(49, 100, 25000000, '2026-03-11 05:02:06', '2026-03-11 05:02:06', NULL, 44);

-- --------------------------------------------------------

--
-- Table structure for table `notajuals`
--

CREATE TABLE `notajuals` (
  `id` int(11) NOT NULL,
  `pegawai_id` int(11) NOT NULL,
  `updated_at` datetime DEFAULT current_timestamp(),
  `created_at` datetime DEFAULT current_timestamp(),
  `deleted_at` datetime DEFAULT NULL
) ENGINE=InnoDB DEFAULT CHARSET=utf8 COLLATE=utf8_general_ci;

--
-- Dumping data for table `notajuals`
--

INSERT INTO `notajuals` (`id`, `pegawai_id`, `updated_at`, `created_at`, `deleted_at`) VALUES
(1, 1, '2025-04-16 03:31:27', '2025-04-16 03:31:27', NULL),
(2, 1, '2025-04-16 03:43:25', '2025-04-16 03:43:25', NULL),
(3, 1, '2025-04-24 06:22:03', '2025-04-24 06:22:03', NULL),
(4, 1, '2025-04-24 06:25:39', '2025-04-24 06:25:39', NULL),
(5, 1, '2025-04-24 06:26:28', '2025-04-24 06:26:28', NULL),
(6, 1, '2025-04-24 06:27:52', '2025-04-24 06:27:52', NULL),
(7, 1, '2025-04-24 06:38:49', '2025-04-24 06:38:49', NULL),
(8, 1, '2025-04-24 06:38:54', '2025-04-24 06:38:54', NULL),
(9, 1, '2025-04-24 06:42:22', '2025-04-24 06:42:22', NULL),
(10, 1, '2025-04-24 06:42:36', '2025-04-24 06:42:36', NULL),
(11, 1, '2025-04-24 06:48:55', '2025-04-24 06:48:55', NULL),
(12, 1, '2025-04-24 07:32:25', '2025-04-24 07:32:25', NULL),
(13, 1, '2025-04-24 07:33:29', '2025-04-24 07:33:29', NULL),
(14, 1, '2025-04-24 07:34:08', '2025-04-24 07:34:08', NULL),
(15, 1, '2025-04-24 07:35:46', '2025-04-24 07:35:46', NULL),
(16, 1, '2025-04-24 07:37:35', '2025-04-24 07:37:35', NULL),
(17, 1, '2025-04-24 07:38:07', '2025-04-24 07:38:07', NULL),
(18, 1, '2025-04-24 07:38:21', '2025-04-24 07:38:21', NULL),
(19, 1, '2025-04-24 07:38:42', '2025-04-24 07:38:42', NULL),
(20, 1, '2025-04-24 07:38:46', '2025-04-24 07:38:46', NULL),
(21, 1, '2025-04-24 07:39:56', '2025-04-24 07:39:56', NULL),
(22, 1, '2025-04-24 07:41:26', '2025-04-24 07:41:26', NULL),
(23, 1, '2025-04-24 07:42:01', '2025-04-24 07:42:01', NULL),
(24, 1, '2025-04-24 07:44:02', '2025-04-24 07:44:02', NULL),
(25, 1, '2025-04-30 08:23:22', '2025-04-30 08:23:22', NULL),
(26, 1, '2025-04-30 08:24:43', '2025-04-30 08:24:43', NULL),
(27, 1, '2025-04-30 08:25:08', '2025-04-30 08:25:08', NULL),
(28, 1, '2025-04-30 08:34:52', '2025-04-30 08:34:52', NULL),
(29, 1, '2025-04-30 08:43:32', '2025-04-30 08:43:32', NULL),
(30, 1, '2025-04-30 08:44:15', '2025-04-30 08:44:15', NULL),
(31, 1, '2025-04-30 08:45:49', '2025-04-30 08:45:49', NULL),
(32, 1, '2025-04-30 08:46:44', '2025-04-30 08:46:44', NULL),
(33, 1, '2025-04-30 08:48:19', '2025-04-30 08:48:19', NULL),
(34, 1, '2025-04-30 08:52:59', '2025-04-30 08:52:59', NULL),
(35, 1, '2025-04-30 08:55:18', '2025-04-30 08:55:18', NULL),
(36, 1, '2025-05-07 08:41:37', '2025-05-07 08:41:37', NULL),
(47, 1, '2025-05-17 12:24:50', '2025-05-17 12:24:50', NULL),
(48, 1, '2025-05-17 12:32:22', '2025-05-17 12:32:22', NULL),
(49, 1, '2025-05-17 12:32:57', '2025-05-17 12:32:57', NULL),
(79, 1, '2025-05-17 13:00:01', '2025-05-17 13:00:01', NULL),
(80, 1, '2025-05-17 14:09:08', '2025-05-17 14:09:08', NULL),
(81, 1, '2025-05-19 05:29:33', '2025-05-19 05:29:33', NULL),
(82, 1, '2025-03-19 05:29:54', '2025-05-19 05:29:54', NULL),
(83, 1, '2025-03-19 05:29:54', '2025-05-19 05:30:06', NULL),
(84, 1, '2025-05-19 05:38:48', '2025-05-19 05:38:48', NULL),
(85, 1, '2025-05-30 03:07:02', '2025-05-30 03:07:02', NULL),
(86, 1, '2025-05-30 03:10:39', '2025-05-30 03:10:39', NULL),
(87, 1, '2025-05-30 03:17:19', '2025-05-30 03:17:19', NULL),
(88, 1, '2025-05-30 03:18:33', '2025-05-30 03:18:33', NULL),
(89, 1, '2025-05-30 03:21:04', '2025-05-30 03:21:04', NULL),
(90, 1, '2025-06-09 09:09:37', '2025-06-09 09:09:37', NULL),
(91, 1, '2025-06-13 12:34:11', '2025-06-13 12:34:11', NULL),
(92, 1, '2025-06-14 07:55:15', '2025-06-14 07:55:15', NULL),
(93, 1, '2025-06-14 07:56:18', '2025-06-14 07:56:18', NULL),
(107, 1, '2025-06-16 08:39:29', '2025-06-16 08:39:29', NULL),
(108, 1, '2025-06-16 08:40:39', '2025-06-16 08:40:39', NULL),
(109, 1, '2025-06-16 08:41:12', '2025-06-16 08:41:12', NULL),
(110, 1, '2025-06-16 08:41:46', '2025-06-16 08:41:46', NULL),
(111, 1, '2025-06-16 08:42:27', '2025-06-16 08:42:27', NULL),
(112, 1, '2025-06-16 08:43:20', '2025-06-16 08:43:20', NULL),
(113, 1, '2025-06-16 08:44:06', '2025-06-16 08:44:06', NULL),
(114, 1, '2025-06-16 08:44:41', '2025-06-16 08:44:41', NULL),
(115, 1, '2025-06-16 08:48:35', '2025-06-16 08:48:35', NULL),
(116, 1, '2025-06-16 09:07:40', '2025-06-16 09:07:40', NULL),
(117, 1, '2025-06-16 09:08:10', '2025-06-16 09:08:10', NULL),
(118, 1, '2025-06-16 09:09:31', '2025-06-16 09:09:31', NULL),
(119, 1, '2025-06-16 09:10:24', '2025-06-16 09:10:24', NULL),
(120, 1, '2025-06-16 09:11:02', '2025-06-16 09:11:02', NULL),
(121, 1, '2025-06-16 09:11:53', '2025-06-16 09:11:53', NULL),
(122, 1, '2025-06-16 09:12:06', '2025-06-16 09:12:06', NULL),
(123, 1, '2025-06-16 09:12:26', '2025-06-16 09:12:26', NULL),
(124, 1, '2025-06-16 09:12:52', '2025-06-16 09:12:52', NULL),
(125, 1, '2025-06-16 09:13:11', '2025-06-16 09:13:11', NULL),
(126, 1, '2025-06-16 09:14:23', '2025-06-16 09:14:23', NULL),
(127, 1, '2025-06-16 09:14:50', '2025-06-16 09:14:50', NULL),
(128, 1, '2025-06-16 09:15:07', '2025-06-16 09:15:07', NULL),
(129, 1, '2025-06-16 09:15:31', '2025-06-16 09:15:31', NULL),
(130, 1, '2025-06-16 09:16:22', '2025-06-16 09:16:22', NULL),
(131, 1, '2025-06-16 09:17:06', '2025-06-16 09:17:06', NULL),
(132, 1, '2025-06-16 09:26:46', '2025-06-16 09:26:46', NULL),
(133, 1, '2025-06-16 09:27:02', '2025-06-16 09:27:02', NULL),
(134, 1, '2025-06-16 09:27:25', '2025-06-16 09:27:25', NULL),
(135, 1, '2025-06-16 09:27:41', '2025-06-16 09:27:41', NULL),
(136, 1, '2025-06-16 09:27:57', '2025-06-16 09:27:57', NULL),
(137, 1, '2025-06-16 09:28:18', '2025-06-16 09:28:18', NULL),
(138, 1, '2025-06-16 09:28:37', '2025-06-16 09:28:37', NULL),
(139, 1, '2025-06-16 09:28:54', '2025-06-16 09:28:54', NULL),
(140, 1, '2025-06-16 09:29:21', '2025-06-16 09:29:21', NULL),
(141, 1, '2025-06-16 09:29:41', '2025-06-16 09:29:41', NULL),
(142, 1, '2025-06-16 09:30:09', '2025-06-16 09:30:09', NULL),
(143, 1, '2025-06-16 09:30:33', '2025-06-16 09:30:33', NULL),
(144, 1, '2025-06-16 09:30:53', '2025-06-16 09:30:53', NULL),
(145, 1, '2025-06-16 09:31:11', '2025-06-16 09:31:11', NULL),
(146, 1, '2025-06-16 09:31:30', '2025-06-16 09:31:30', NULL),
(147, 1, '2025-06-16 09:31:56', '2025-06-16 09:31:56', NULL),
(148, 1, '2025-06-16 09:32:08', '2025-06-16 09:32:08', NULL),
(149, 1, '2025-06-16 09:32:30', '2025-06-16 09:32:30', NULL),
(150, 1, '2025-06-16 09:32:49', '2025-06-16 09:32:49', NULL),
(151, 1, '2025-06-16 09:33:06', '2025-06-16 09:33:06', NULL),
(152, 1, '2025-06-16 09:33:31', '2025-06-16 09:33:31', NULL),
(153, 1, '2025-06-16 09:33:53', '2025-06-16 09:33:53', NULL),
(154, 1, '2025-06-16 09:34:15', '2025-06-16 09:34:15', NULL),
(155, 1, '2025-06-16 09:34:34', '2025-06-16 09:34:34', NULL),
(156, 1, '2025-06-16 09:34:57', '2025-06-16 09:34:57', NULL),
(157, 1, '2025-06-16 09:35:25', '2025-06-16 09:35:25', NULL),
(158, 1, '2025-06-16 09:35:43', '2025-06-16 09:35:43', NULL),
(159, 1, '2025-06-16 09:35:59', '2025-06-16 09:35:59', NULL),
(160, 1, '2025-06-16 09:36:26', '2025-06-16 09:36:26', NULL),
(161, 1, '2025-06-16 09:37:04', '2025-06-16 09:37:04', NULL),
(162, 1, '2025-06-16 09:37:22', '2025-06-16 09:37:22', NULL),
(163, 1, '2025-06-16 09:37:47', '2025-06-16 09:37:47', NULL),
(164, 1, '2025-06-16 09:38:16', '2025-06-16 09:38:16', NULL),
(165, 1, '2025-06-16 09:38:27', '2025-06-16 09:38:27', NULL),
(166, 1, '2025-06-16 09:38:49', '2025-06-16 09:38:49', NULL),
(167, 1, '2025-06-17 05:20:30', '2025-06-17 05:20:30', NULL),
(168, 1, '2025-06-17 05:21:01', '2025-06-17 05:21:01', NULL),
(169, 1, '2025-06-17 05:21:24', '2025-06-17 05:21:24', NULL),
(170, 1, '2025-06-17 05:21:44', '2025-06-17 05:21:44', NULL),
(171, 1, '2025-06-17 05:22:13', '2025-06-17 05:22:13', NULL),
(172, 1, '2025-06-17 05:22:23', '2025-06-17 05:22:23', NULL),
(173, 1, '2025-06-17 05:22:45', '2025-06-17 05:22:45', NULL),
(174, 1, '2025-06-17 05:23:31', '2025-06-17 05:23:31', NULL),
(175, 1, '2025-06-17 05:23:48', '2025-06-17 05:23:48', NULL),
(176, 1, '2025-06-17 05:24:05', '2025-06-17 05:24:05', NULL),
(177, 1, '2025-06-17 05:24:22', '2025-06-17 05:24:22', NULL),
(178, 1, '2025-06-17 05:24:40', '2025-06-17 05:24:40', NULL),
(179, 1, '2025-06-21 06:34:28', '2025-06-21 06:34:28', NULL),
(180, 1, '2025-06-21 06:34:46', '2025-06-21 06:34:46', NULL),
(181, 1, '2025-06-21 06:35:02', '2025-06-21 06:35:02', NULL),
(182, 1, '2025-06-21 06:35:22', '2025-06-21 06:35:22', NULL),
(183, 1, '2025-06-21 06:35:53', '2025-06-21 06:35:53', NULL),
(184, 1, '2025-06-21 07:04:14', '2025-06-21 07:04:14', NULL),
(185, 1, '2025-06-21 07:05:41', '2025-06-21 07:05:41', NULL),
(186, 1, '2025-06-21 07:06:42', '2025-06-21 07:06:42', NULL),
(187, 1, '2025-06-21 07:07:02', '2025-06-21 07:07:02', NULL),
(188, 1, '2025-06-21 07:07:19', '2025-06-21 07:07:19', NULL),
(189, 1, '2025-06-23 04:48:06', '2025-06-23 04:48:06', NULL),
(190, 1, '2025-06-29 10:49:07', '2025-06-29 10:49:07', NULL),
(191, 1, '2025-07-24 09:28:56', '2025-07-24 09:28:56', NULL),
(192, 1, '2025-07-24 09:28:59', '2025-07-24 09:28:59', NULL),
(193, 1, '2025-07-24 09:37:35', '2025-07-24 09:37:35', NULL),
(194, 1, '2025-07-24 11:22:31', '2025-07-24 11:22:31', NULL),
(195, 1, '2025-07-24 11:31:49', '2025-07-24 11:31:49', NULL),
(196, 1, '2025-07-24 11:32:28', '2025-07-24 11:32:28', NULL),
(197, 1, '2025-07-29 05:23:27', '2025-07-29 05:23:27', NULL),
(198, 1, '2025-08-13 10:25:57', '2025-08-13 10:25:57', NULL),
(205, 1, '2026-03-05 11:27:55', '2026-03-05 11:27:55', NULL),
(207, 1, '2026-03-05 11:33:42', '2026-03-05 11:33:42', NULL),
(208, 1, '2026-03-11 05:03:14', '2026-03-11 05:03:14', NULL),
(209, 1, '2026-03-11 05:26:38', '2026-03-11 05:26:38', NULL);

-- --------------------------------------------------------

--
-- Table structure for table `notajuals_has_produks`
--

CREATE TABLE `notajuals_has_produks` (
  `notajuals_id` int(11) NOT NULL,
  `quantity` int(11) NOT NULL,
  `subtotal` double NOT NULL,
  `created_at` datetime DEFAULT current_timestamp(),
  `updated_at` datetime DEFAULT current_timestamp(),
  `deleted_at` datetime DEFAULT NULL,
  `produkbatches_id` int(11) NOT NULL
) ENGINE=InnoDB DEFAULT CHARSET=utf8 COLLATE=utf8_general_ci;

--
-- Dumping data for table `notajuals_has_produks`
--

INSERT INTO `notajuals_has_produks` (`notajuals_id`, `quantity`, `subtotal`, `created_at`, `updated_at`, `deleted_at`, `produkbatches_id`) VALUES
(1, 10, 3000000, '2025-04-16 03:31:27', '2025-04-16 03:31:27', NULL, 3),
(2, 10, 200000, '2025-04-16 03:43:25', '2025-04-16 03:43:25', NULL, 1),
(2, 10, 180000, '2025-04-16 03:43:25', '2025-04-16 03:43:25', NULL, 4),
(19, 20, 420000, '2025-04-24 07:38:42', '2025-04-24 07:38:42', NULL, 7),
(20, 20, 420000, '2025-04-24 07:38:46', '2025-04-24 07:38:46', NULL, 7),
(21, 20, 420000, '2025-04-24 07:39:56', '2025-04-24 07:39:56', NULL, 7),
(22, 20, 420000, '2025-04-24 07:41:26', '2025-04-24 07:41:26', NULL, 7),
(23, 20, 420000, '2025-04-24 07:42:01', '2025-04-24 07:42:01', NULL, 7),
(24, 20, 420000, '2025-04-24 07:44:02', '2025-04-24 07:44:02', NULL, 7),
(24, 10, 210000, '2025-04-24 07:44:02', '2025-04-24 07:44:02', NULL, 8),
(25, 20, 420000, '2025-04-30 08:23:22', '2025-04-30 08:23:22', NULL, 7),
(26, 5, 105000, '2025-04-30 08:24:43', '2025-04-30 08:24:43', NULL, 1),
(27, 10, 210000, '2025-04-30 08:25:08', '2025-04-30 08:25:08', NULL, 7),
(28, 5, 105000, '2025-04-30 08:34:52', '2025-04-30 08:34:52', NULL, 7),
(29, 5, 105000, '2025-04-30 08:43:32', '2025-04-30 08:43:32', NULL, 7),
(30, 5, 105000, '2025-04-30 08:44:15', '2025-04-30 08:44:15', NULL, 5),
(31, 5, 105000, '2025-04-30 08:45:49', '2025-04-30 08:45:49', NULL, 5),
(32, 5, 2000000, '2025-04-30 08:46:44', '2025-04-30 08:46:44', NULL, 3),
(33, 5, 2000000, '2025-04-30 08:48:19', '2025-04-30 08:48:19', NULL, 3),
(34, 5, 2000000, '2025-04-30 08:52:59', '2025-04-30 08:52:59', NULL, 3),
(34, 5, 105000, '2025-04-30 08:52:59', '2025-04-30 08:52:59', NULL, 5),
(35, 5, 2000000, '2025-04-30 08:55:18', '2025-04-30 08:55:18', NULL, 3),
(35, 5, 105000, '2025-04-30 08:55:18', '2025-04-30 08:55:18', NULL, 5),
(36, 5, 105000, '2025-05-07 08:41:37', '2025-05-07 08:41:37', NULL, 1),
(36, 10, 4000000, '2025-05-07 08:41:37', '2025-05-07 08:41:37', NULL, 3),
(36, 5, 105000, '2025-05-07 08:41:37', '2025-05-07 08:41:37', NULL, 11),
(47, 1, 400000, '2025-05-17 12:24:50', '2025-05-17 12:24:50', NULL, 3),
(79, 1, 400000, '2025-05-17 13:00:01', '2025-05-17 13:00:01', NULL, 3),
(79, 1, 21000, '2025-05-17 13:00:01', '2025-05-17 13:00:01', NULL, 11),
(80, 1, 400000, '2025-05-17 14:09:08', '2025-05-17 14:09:08', NULL, 3),
(80, 1, 21000, '2025-05-17 14:09:08', '2025-05-17 14:09:08', NULL, 11),
(81, 5, 105000, '2025-05-19 05:29:33', '2025-05-19 05:29:33', NULL, 5),
(82, 5, 105000, '2025-03-19 05:29:54', '2025-05-19 05:29:54', NULL, 5),
(83, 10, 210000, '2025-03-19 05:29:54', '2025-05-19 05:30:06', NULL, 6),
(83, 10, 210000, '2025-03-19 05:29:54', '2025-05-19 05:30:06', NULL, 8),
(84, 20, 420000, '2025-05-19 05:38:48', '2025-05-19 05:38:48', NULL, 5),
(86, 10, 4000000, '2025-05-30 03:10:39', '2025-05-30 03:10:39', NULL, 3),
(89, 1, 60000, '2025-05-30 03:21:04', '2025-05-30 03:21:04', NULL, 18),
(90, 5, 2000000, '2025-06-09 09:09:37', '2025-06-09 09:09:37', NULL, 3),
(90, 10, 210000, '2025-06-09 09:09:37', '2025-06-09 09:09:37', NULL, 5),
(91, 1, 400000, '2025-06-13 12:34:11', '2025-06-13 12:34:11', NULL, 3),
(91, 10, 210000, '2025-06-13 12:34:11', '2025-06-13 12:34:11', NULL, 5),
(91, 1, 21000, '2025-06-13 12:34:11', '2025-06-13 12:34:11', NULL, 11),
(91, 1, 8000, '2025-06-13 12:34:11', '2025-06-13 12:34:11', NULL, 24),
(92, 1, 8000, '2025-06-14 07:55:15', '2025-06-14 07:55:15', NULL, 10),
(92, 4, 32000, '2025-06-14 07:55:15', '2025-06-14 07:55:15', NULL, 24),
(92, 2, 16000, '2025-06-14 07:55:15', '2025-06-14 07:55:15', NULL, 25),
(92, 3, 24000, '2025-06-14 07:55:15', '2025-06-14 07:55:15', NULL, 26),
(93, 10, 4000000, '2025-06-14 07:56:18', '2025-06-14 07:56:18', NULL, 3),
(93, 7, 147000, '2025-06-14 07:56:18', '2025-06-14 07:56:18', NULL, 11),
(93, 3, 63000, '2025-06-14 07:56:18', '2025-06-14 07:56:18', NULL, 12),
(107, 234, 2059200, '2024-06-01 08:39:29', '2025-06-16 08:39:29', NULL, 33),
(108, 202, 1777600, '2024-06-08 08:40:39', '2025-06-16 08:40:39', NULL, 33),
(109, 184, 1619200, '2024-06-15 08:41:12', '2025-06-16 08:41:12', NULL, 33),
(110, 203, 1786400, '2024-06-22 08:41:46', '2025-06-16 08:41:46', NULL, 33),
(111, 168, 1478400, '2024-06-29 08:42:27', '2025-06-16 08:42:27', NULL, 33),
(112, 228, 2006400, '2024-07-01 08:43:20', '2025-06-16 08:43:20', NULL, 33),
(113, 136, 1196800, '2024-07-08 08:44:06', '2025-06-16 08:44:06', NULL, 33),
(114, 165, 1452000, '2024-07-15 08:44:41', '2025-06-16 08:44:41', NULL, 33),
(115, 223, 1962400, '2024-07-22 08:48:35', '2025-06-16 08:48:35', NULL, 33),
(116, 74, 651200, '2024-07-29 09:07:40', '2025-06-16 09:07:40', NULL, 33),
(117, 100, 880000, '2024-08-01 09:08:10', '2025-06-16 09:08:10', NULL, 33),
(118, 279, 2455200, '2024-08-08 09:09:31', '2025-06-16 09:09:31', NULL, 33),
(119, 187, 1645600, '2024-08-15 09:10:24', '2025-06-16 09:10:24', NULL, 33),
(120, 141, 1240800, '2024-08-22 09:11:02', '2025-06-16 09:11:02', NULL, 33),
(121, 61, 536800, '2024-08-29 09:11:53', '2025-06-16 09:11:53', NULL, 33),
(122, 182, 1601600, '2024-09-01 09:12:06', '2025-06-16 09:12:06', NULL, 33),
(123, 204, 1795200, '2024-09-08 09:12:26', '2025-06-16 09:12:26', NULL, 33),
(124, 158, 1390400, '2024-09-15 09:12:52', '2025-06-16 09:12:52', NULL, 33),
(125, 228, 2006400, '2024-09-22 09:13:11', '2025-06-16 09:13:11', NULL, 33),
(126, 40, 352000, '2024-09-29 09:14:23', '2025-06-16 09:14:23', NULL, 33),
(127, 184, 1619200, '2024-10-01 09:14:50', '2025-06-16 09:14:50', NULL, 33),
(128, 155, 1364000, '2024-10-08 09:15:07', '2025-06-16 09:15:07', NULL, 33),
(129, 117, 1029600, '2024-10-15 09:15:31', '2025-06-16 09:15:31', NULL, 33),
(130, 111, 976800, '2024-10-22 09:16:22', '2025-06-16 09:16:22', NULL, 33),
(131, 50, 440000, '2024-10-29 09:17:06', '2025-06-16 09:17:06', NULL, 33),
(132, 100, 880000, '2024-11-01 09:26:46', '2025-06-16 09:26:46', NULL, 33),
(133, 160, 1408000, '2024-11-08 09:27:02', '2025-06-16 09:27:02', NULL, 33),
(134, 99, 871200, '2024-11-15 09:27:25', '2025-06-16 09:27:25', NULL, 33),
(135, 77, 677600, '2024-11-22 09:27:41', '2025-06-16 09:27:41', NULL, 33),
(136, 22, 193600, '2024-11-29 09:27:57', '2025-06-16 09:27:57', NULL, 33),
(137, 73, 642400, '2024-12-01 09:28:18', '2025-06-16 09:28:18', NULL, 33),
(138, 107, 941600, '2024-12-08 09:28:37', '2025-06-16 09:28:37', NULL, 33),
(139, 108, 950400, '2024-12-15 09:28:54', '2025-06-16 09:28:54', NULL, 33),
(140, 106, 932800, '2024-12-22 09:29:21', '2025-06-16 09:29:21', NULL, 33),
(141, 35, 308000, '2024-12-29 09:29:41', '2025-06-16 09:29:41', NULL, 33),
(142, 82, 721600, '2025-01-01 09:30:09', '2025-06-16 09:30:09', NULL, 33),
(143, 139, 1223200, '2025-01-08 09:30:33', '2025-06-16 09:30:33', NULL, 33),
(144, 126, 1108800, '2025-01-15 09:30:53', '2025-06-16 09:30:53', NULL, 33),
(145, 78, 686400, '2025-01-22 09:31:11', '2025-06-16 09:31:11', NULL, 33),
(146, 36, 316800, '2025-01-29 09:31:30', '2025-06-16 09:31:30', NULL, 33),
(147, 109, 959200, '2025-02-01 09:31:56', '2025-06-16 09:31:56', NULL, 33),
(148, 117, 1029600, '2025-02-08 09:32:08', '2025-06-16 09:32:08', NULL, 33),
(149, 69, 607200, '2025-02-15 09:32:30', '2025-06-16 09:32:30', NULL, 33),
(150, 50, 440000, '2025-02-22 09:32:49', '2025-06-16 09:32:49', NULL, 33),
(151, 66, 580800, '2025-03-01 09:33:06', '2025-06-16 09:33:06', '2025-06-01 15:33:28', 33),
(152, 75, 660000, '2025-03-08 09:33:31', '2025-06-16 09:33:31', '2025-06-01 15:33:23', 33),
(153, 117, 1029600, '2025-03-15 09:33:53', '2025-06-16 09:33:53', '2025-06-01 15:33:20', 33),
(154, 50, 440000, '2025-03-22 09:34:15', '2025-06-16 09:34:15', '2025-06-01 14:12:57', 33),
(155, 27, 237600, '2025-03-29 09:34:34', '2025-06-16 09:34:34', '2025-06-01 14:12:54', 33),
(156, 36, 316800, '2025-04-01 09:34:57', '2025-06-16 09:34:57', '2025-06-01 14:12:53', 33),
(157, 39, 343200, '2025-04-08 09:35:25', '2025-06-16 09:35:25', '2025-06-01 14:12:50', 33),
(158, 23, 202400, '2025-04-15 09:35:43', '2025-06-16 09:35:43', '2025-06-01 14:12:48', 33),
(159, 72, 633600, '2025-04-22 09:35:59', '2025-06-16 09:35:59', '2025-06-01 14:12:44', 33),
(160, 3, 26400, '2025-04-22 09:36:26', '2025-06-16 09:36:26', '2025-06-01 14:12:42', 33),
(161, 59, 519200, '2025-04-29 09:37:04', '2025-06-16 09:37:04', '2025-06-01 14:12:40', 33),
(162, 35, 308000, '2025-05-01 09:37:22', '2025-06-16 09:37:22', '2025-06-01 14:12:38', 33),
(163, 69, 607200, '2025-05-08 09:37:47', '2025-06-16 09:37:47', '2025-06-01 14:12:35', 33),
(164, 11, 96800, '2025-05-15 09:38:16', '2025-06-16 09:38:16', '2025-06-01 14:12:32', 33),
(165, 34, 299200, '2025-05-22 09:38:27', '2025-06-16 09:38:27', '2025-06-01 14:12:27', 33),
(166, 20, 176000, '2025-05-29 09:38:49', '2025-06-16 09:38:49', '2025-06-01 14:12:24', 33),
(167, 9, 450000, '2024-06-01 05:20:30', '2025-06-17 05:20:30', NULL, 32),
(168, 11, 550000, '2024-07-01 05:21:01', '2025-06-17 05:21:01', NULL, 32),
(169, 14, 700000, '2024-08-01 05:21:24', '2025-06-17 05:21:24', NULL, 32),
(170, 8, 400000, '2024-09-01 05:21:44', '2025-06-17 05:21:44', NULL, 32),
(171, 27, 1350000, '2024-10-01 05:22:13', '2025-06-17 05:22:13', NULL, 32),
(172, 29, 1450000, '2024-11-01 05:22:23', '2025-06-17 05:22:23', NULL, 32),
(173, 30, 1500000, '2024-12-01 05:22:45', '2025-06-17 05:22:45', NULL, 32),
(174, 18, 900000, '2025-01-01 05:23:31', '2025-06-17 05:23:31', NULL, 32),
(175, 20, 1000000, '2025-02-01 05:23:48', '2025-06-17 05:23:48', NULL, 32),
(176, 20, 1000000, '2025-03-01 05:24:05', '2025-06-17 05:24:05', '2025-06-01 15:07:49', 32),
(177, 14, 700000, '2025-04-01 05:24:22', '2025-06-17 05:24:22', '2025-06-01 14:11:35', 32),
(178, 18, 900000, '2025-05-01 05:24:40', '2025-06-17 05:24:40', '2025-06-01 14:11:24', 32),
(179, 14, 700000, '2024-01-01 06:34:28', '2025-06-21 06:34:28', NULL, 40),
(180, 33, 1650000, '2024-02-01 06:34:46', '2025-06-21 06:34:46', NULL, 40),
(181, 36, 1800000, '2024-03-01 06:35:02', '2025-06-21 06:35:02', NULL, 40),
(182, 14, 700000, '2024-04-01 06:35:22', '2025-06-21 06:35:22', NULL, 32),
(182, 17, 850000, '2024-04-01 06:35:22', '2025-06-21 06:35:22', NULL, 40),
(183, 30, 1500000, '2024-05-01 06:35:53', '2025-06-21 06:35:53', NULL, 32),
(184, 242, 2129600, '2024-01-01 07:04:14', '2025-06-21 07:04:14', NULL, 39),
(185, 1033, 9090400, '2024-02-01 07:05:41', '2025-06-21 07:05:41', NULL, 39),
(186, 1103, 9706400, '2024-03-01 07:06:42', '2025-06-21 07:06:42', NULL, 39),
(187, 1487, 13085600, '2024-04-01 07:07:02', '2025-06-21 07:07:02', NULL, 39),
(188, 1362, 11985600, '2024-05-01 07:07:19', '2025-06-21 07:07:19', NULL, 39),
(189, 1, 21000, '2025-06-23 04:48:06', '2025-06-23 04:48:06', NULL, 12),
(190, 1, 8000, '2025-06-29 10:49:07', '2025-06-29 10:49:07', NULL, 10),
(191, 1, 21000, '2025-07-24 09:28:56', '2025-07-24 09:28:56', NULL, 12),
(191, 1, 400000, '2025-07-24 09:28:56', '2025-07-24 09:28:56', NULL, 14),
(192, 1, 21000, '2025-07-24 09:28:59', '2025-07-24 09:28:59', NULL, 12),
(192, 1, 400000, '2025-07-24 09:28:59', '2025-07-24 09:28:59', NULL, 14),
(193, 1, 21000, '2025-07-24 09:37:35', '2025-07-24 09:37:35', NULL, 12),
(193, 1, 400000, '2025-07-24 09:37:35', '2025-07-24 09:37:35', NULL, 14),
(194, 1, 21000, '2025-07-24 11:22:32', '2025-07-24 11:22:32', NULL, 12),
(194, 1, 400000, '2025-07-24 11:22:32', '2025-07-24 11:22:32', NULL, 14),
(195, 1, 2300, '2025-07-24 11:31:49', '2025-07-24 11:31:49', NULL, 37),
(196, 1, 21000, '2025-07-24 11:32:28', '2025-07-24 11:32:28', NULL, 5),
(196, 1, 15000, '2025-07-24 11:32:28', '2025-07-24 11:32:28', NULL, 38),
(197, 2, 42000, '2025-07-29 05:23:27', '2025-07-29 05:23:27', NULL, 5),
(197, 1, 15000, '2025-07-29 05:23:27', '2025-07-29 05:23:27', NULL, 38),
(198, 2, 42000, '2025-08-13 10:25:57', '2025-08-13 10:25:57', NULL, 12),
(205, 1, 30, '2026-03-05 11:27:55', '2026-03-05 11:27:55', NULL, 18),
(207, 1, 65000, '2026-03-05 11:33:42', '2026-03-05 11:33:42', NULL, 18),
(208, 1, 260000, '2026-03-11 05:03:14', '2026-03-11 05:03:14', NULL, 43),
(208, 1, 325000, '2026-03-11 05:03:14', '2026-03-11 05:03:14', NULL, 44),
(209, 1, 30, '2026-03-11 05:26:38', '2026-03-11 05:26:38', NULL, 43),
(209, 1, 30, '2026-03-11 05:26:38', '2026-03-11 05:26:38', NULL, 44);

-- --------------------------------------------------------

--
-- Table structure for table `notajuals_has_racikans`
--

CREATE TABLE `notajuals_has_racikans` (
  `notajuals_id` int(11) NOT NULL,
  `racikans_id` int(11) NOT NULL,
  `quantity` int(11) NOT NULL,
  `subtotal` double NOT NULL,
  `created_at` datetime DEFAULT current_timestamp(),
  `updated_at` datetime DEFAULT current_timestamp(),
  `deleted_at` datetime DEFAULT NULL
) ENGINE=InnoDB DEFAULT CHARSET=utf8 COLLATE=utf8_general_ci;

--
-- Dumping data for table `notajuals_has_racikans`
--

INSERT INTO `notajuals_has_racikans` (`notajuals_id`, `racikans_id`, `quantity`, `subtotal`, `created_at`, `updated_at`, `deleted_at`) VALUES
(79, 1, 1, 423000, '2025-05-17 13:00:01', '2025-05-17 13:00:01', NULL),
(80, 1, 1, 423000, '2025-05-17 14:09:08', '2025-05-17 14:09:08', NULL),
(91, 1, 1, 423000, '2025-06-13 12:34:11', '2025-06-13 12:34:11', NULL),
(191, 1, 1, 423000, '2025-07-24 09:28:56', '2025-07-24 09:28:56', NULL),
(192, 1, 1, 423000, '2025-07-24 09:28:59', '2025-07-24 09:28:59', NULL),
(193, 1, 1, 423000, '2025-07-24 09:37:35', '2025-07-24 09:37:35', NULL),
(194, 1, 1, 423000, '2025-07-24 11:22:32', '2025-07-24 11:22:32', NULL),
(197, 6, 1, 58500, '2025-07-29 05:23:27', '2025-07-29 05:23:27', NULL),
(209, 7, 1, 3060, '2026-03-11 05:26:38', '2026-03-11 05:26:38', NULL);

-- --------------------------------------------------------

--
-- Table structure for table `password_reset_tokens`
--

CREATE TABLE `password_reset_tokens` (
  `email` varchar(255) NOT NULL,
  `token` varchar(255) NOT NULL,
  `created_at` timestamp NULL DEFAULT NULL
) ENGINE=InnoDB DEFAULT CHARSET=utf8mb4 COLLATE=utf8mb4_unicode_ci;

-- --------------------------------------------------------

--
-- Table structure for table `produkbatches`
--

CREATE TABLE `produkbatches` (
  `id` int(11) NOT NULL,
  `produks_id` int(11) NOT NULL,
  `tgl_produksi` date DEFAULT NULL,
  `tgl_datang` date DEFAULT NULL,
  `tgl_kadaluarsa` date DEFAULT NULL,
  `stok` int(11) DEFAULT NULL,
  `unitprice` double NOT NULL,
  `status` enum('discontinued','tersedia','proses_order') DEFAULT NULL,
  `distributors_id` int(11) NOT NULL,
  `satuans_id` int(11) NOT NULL,
  `gudangs_id` int(11) NOT NULL,
  `created_at` datetime DEFAULT current_timestamp(),
  `updated_at` datetime DEFAULT current_timestamp(),
  `deleted_at` datetime DEFAULT NULL
) ENGINE=InnoDB DEFAULT CHARSET=utf8mb4 COLLATE=utf8mb4_general_ci;

--
-- Dumping data for table `produkbatches`
--

INSERT INTO `produkbatches` (`id`, `produks_id`, `tgl_produksi`, `tgl_datang`, `tgl_kadaluarsa`, `stok`, `unitprice`, `status`, `distributors_id`, `satuans_id`, `gudangs_id`, `created_at`, `updated_at`, `deleted_at`) VALUES
(1, 10, '2025-06-18', '2025-04-23', '2025-05-31', 20, 20000, 'tersedia', 1, 7, 7, '2025-04-14 08:15:24', '2025-06-23 04:47:42', NULL),
(2, 11, '2025-06-18', '2025-04-23', '2025-04-30', 15, 15000, 'discontinued', 1, 7, 7, '2025-04-14 08:15:24', '2025-06-23 04:47:09', NULL),
(3, 14, '2022-01-18', '2025-04-23', '2025-06-30', 74, 300000, 'tersedia', 1, 9, 7, '2025-04-14 08:40:57', '2025-06-18 07:38:52', NULL),
(4, 10, '2025-06-18', '2025-04-23', '2025-04-30', 0, 18000, 'discontinued', 1, 7, 7, '2025-04-16 03:42:26', '2025-05-15 16:56:04', NULL),
(5, 12, '2025-06-18', '2025-05-19', '2025-08-31', 17, 20000, 'tersedia', 1, 9, 7, '2025-04-23 12:17:59', '2025-07-29 05:23:27', NULL),
(6, 12, '2025-06-18', '2025-04-23', '2025-08-31', 0, 20000, 'tersedia', 1, 9, 8, '2025-04-23 12:42:34', '2025-05-19 05:30:06', NULL),
(7, 12, '2025-06-18', '2025-04-23', '2025-07-31', 0, 20000, 'tersedia', 4, 9, 8, '2025-04-23 13:02:52', '2025-04-25 09:26:43', NULL),
(8, 12, '2025-06-18', '2025-04-23', '2025-08-31', 10, 20000, 'tersedia', 4, 9, 8, '2025-04-23 12:42:34', '2025-05-19 05:30:06', NULL),
(9, 12, '2025-06-18', '2025-04-23', '2025-09-30', 20, 20000, 'tersedia', 1, 9, 7, '2025-04-23 15:08:18', '2025-05-19 05:37:52', NULL),
(10, 15, '2025-06-18', '2025-09-30', '2025-09-30', 23, 7000, 'tersedia', 1, 7, 7, '2025-04-25 10:46:03', '2025-06-29 10:49:07', NULL),
(11, 10, '2025-06-18', '2025-05-07', '2025-05-31', 0, 20000, 'discontinued', 1, 7, 7, '2025-04-30 09:03:54', '2025-06-20 04:26:55', NULL),
(12, 10, '2025-06-18', '2025-05-07', '2025-09-30', 0, 20000, 'tersedia', 1, 7, 7, '2025-05-06 06:05:47', '2025-08-13 10:25:57', NULL),
(13, 10, '2025-06-18', '2025-05-07', '2025-12-31', 10, 17999, 'tersedia', 4, 7, 7, '2025-05-06 06:05:47', '2025-05-07 08:25:55', NULL),
(14, 14, '2025-06-18', '2025-05-15', '2025-11-30', 26, 380000, 'tersedia', 1, 9, 7, '2025-05-07 09:03:19', '2025-07-24 11:22:32', NULL),
(15, 14, '2025-06-18', '2025-05-15', '2025-11-30', 30, 385000, 'tersedia', 4, 9, 7, '2025-05-07 09:03:19', '2025-05-15 16:19:29', NULL),
(16, 15, '2025-06-18', '2025-05-16', '2025-09-30', 10, 7500, 'tersedia', 1, 7, 7, '2025-05-16 10:47:36', '2025-05-16 10:48:27', NULL),
(17, 12, '2025-06-18', '2025-05-19', '2025-11-30', 70, 18000, 'tersedia', 1, 9, 7, '2025-05-19 05:31:11', '2025-05-19 05:37:40', NULL),
(18, 16, '2025-06-18', '2025-05-30', NULL, 7, 50000, 'tersedia', 1, 12, 7, '2025-05-30 02:55:02', '2026-03-05 11:33:42', NULL),
(19, 16, '2025-06-18', '2025-05-30', NULL, 10, 50000, 'tersedia', 1, 12, 7, '2025-05-30 03:29:00', '2025-05-30 03:30:44', NULL),
(20, 16, '2025-06-18', '2025-05-30', NULL, 5, 50000, 'tersedia', 1, 12, 7, '2025-05-30 03:34:47', '2025-05-30 03:36:09', NULL),
(21, 16, '2025-06-18', '2025-05-30', NULL, 5, 50000, 'tersedia', 1, 12, 8, '2025-05-30 03:35:35', '2025-05-30 03:35:35', NULL),
(22, 16, '2025-06-18', '2025-05-30', NULL, 3, 50000, 'tersedia', 1, 12, 7, '2025-05-30 03:50:06', '2025-05-30 03:56:08', NULL),
(23, 16, '2025-06-18', '2025-05-30', NULL, 2, 50000, 'tersedia', 1, 12, 8, '2025-05-30 03:52:48', '2025-05-30 03:56:15', NULL),
(24, 15, '2025-06-18', '2025-05-30', '2025-08-31', 0, 5000, 'tersedia', 1, 7, 7, '2025-05-30 04:01:10', '2025-06-14 07:55:15', NULL),
(25, 15, '2025-06-18', '2025-05-30', '2025-08-31', 0, 5000, 'tersedia', 1, 7, 8, '2025-05-30 04:01:58', '2025-06-14 07:55:15', NULL),
(26, 15, '2025-06-18', '2025-05-30', '2025-08-31', 0, 5000, 'tersedia', 1, 7, 8, '2025-05-30 04:12:36', '2025-06-14 07:55:15', NULL),
(27, 16, '2025-06-18', '2025-06-08', NULL, 5, 50000, 'tersedia', 4, 12, 7, '2025-06-08 06:53:24', '2025-06-08 06:54:24', NULL),
(28, 16, '2025-06-18', '2025-06-08', NULL, 5, 50000, 'tersedia', 1, 12, 7, '2025-06-08 06:59:46', '2025-06-08 07:00:07', NULL),
(29, 15, '2025-06-18', '2025-06-08', '2026-01-01', 5, 5000, 'tersedia', 1, 7, 7, '2025-06-08 06:59:46', '2025-06-08 07:01:33', NULL),
(30, 10, '2025-06-18', '2025-06-18', '2026-01-31', 10, 15000, 'tersedia', 4, 7, 7, '2025-06-13 12:44:51', '2025-06-18 07:45:32', NULL),
(31, 10, '2025-06-18', '2025-06-18', '2026-02-28', 10, 14500, 'tersedia', 1, 7, 7, '2025-06-13 12:44:51', '2025-06-18 07:45:42', NULL),
(32, 17, '2025-06-18', '2025-06-16', '2026-04-30', 38, 40000, 'tersedia', 1, 7, 7, '2025-06-16 07:55:07', '2025-06-21 06:35:53', NULL),
(33, 18, '2025-06-18', '2025-06-16', '2026-05-31', 57, 7700, 'tersedia', 1, 13, 7, '2025-06-16 08:00:46', '2025-06-16 09:38:49', NULL),
(35, 10, NULL, '2025-06-18', '2026-08-31', 3, 15000, 'tersedia', 1, 7, 7, '2025-06-18 07:44:48', '2025-06-18 07:45:55', NULL),
(36, 19, '2025-02-19', '2025-06-18', '2026-06-30', 20, 2000, 'tersedia', 1, 8, 7, '2025-06-18 07:56:00', '2025-06-18 07:57:09', NULL),
(37, 19, '2024-11-30', '2025-06-18', '2026-01-31', 9, 2000, 'tersedia', 1, 8, 7, '2025-06-18 07:56:51', '2025-07-24 11:31:49', NULL),
(38, 20, '2025-01-01', '2025-06-18', '2026-02-28', 18, 11000, 'tersedia', 4, 8, 7, '2025-06-18 15:39:21', '2025-07-29 05:23:27', NULL),
(39, 18, '2025-05-31', '2025-06-21', '2026-01-31', 73, 7700, 'tersedia', 1, 13, 7, '2025-06-21 06:00:15', '2025-06-21 07:07:19', NULL),
(40, 17, NULL, '2025-06-21', '2026-03-31', 0, 38000, 'tersedia', 1, 7, 7, '2025-06-21 06:01:38', '2025-06-21 06:35:22', NULL),
(41, 10, NULL, NULL, '2027-06-13', NULL, 20000, 'proses_order', 1, 7, 7, '2025-08-13 10:26:55', '2025-08-13 10:26:55', NULL),
(42, 16, NULL, '2026-03-05', NULL, 10, 50000, 'tersedia', 1, 12, 7, '2026-03-05 11:46:20', '2026-03-05 11:48:19', NULL),
(43, 22, NULL, '2026-03-11', '2028-10-16', 73, 200000, 'tersedia', 1, 12, 7, '2026-03-11 05:02:06', '2026-03-11 05:26:38', NULL),
(44, 21, NULL, '2026-03-11', '2028-09-18', 98, 250000, 'tersedia', 1, 12, 7, '2026-03-11 05:02:06', '2026-03-11 05:26:38', NULL);

-- --------------------------------------------------------

--
-- Table structure for table `produkopnames`
--

CREATE TABLE `produkopnames` (
  `id` int(11) NOT NULL,
  `produks_id` int(11) NOT NULL,
  `stok_sys` int(11) NOT NULL,
  `stok_nyata` int(11) NOT NULL,
  `satuans_id` int(11) NOT NULL,
  `selisih` int(11) NOT NULL,
  `tgl_opname` datetime NOT NULL DEFAULT current_timestamp(),
  `deskripsi` text DEFAULT NULL,
  `created_at` datetime DEFAULT current_timestamp(),
  `updated_at` datetime DEFAULT current_timestamp(),
  `deleted_at` datetime DEFAULT NULL
) ENGINE=InnoDB DEFAULT CHARSET=utf8mb4 COLLATE=utf8mb4_general_ci;

--
-- Dumping data for table `produkopnames`
--

INSERT INTO `produkopnames` (`id`, `produks_id`, `stok_sys`, `stok_nyata`, `satuans_id`, `selisih`, `tgl_opname`, `deskripsi`, `created_at`, `updated_at`, `deleted_at`) VALUES
(1, 10, 53, 52, 7, 1, '2026-02-05 00:00:00', NULL, '2026-03-09 12:19:38', '2026-03-09 12:21:34', '2026-03-09 12:21:34'),
(3, 10, 53, 53, 7, 0, '2026-03-09 00:00:00', NULL, '2026-03-09 12:20:26', '2026-03-09 12:20:26', NULL),
(4, 16, 52, 50, 12, -2, '2026-03-09 00:00:00', NULL, '2026-03-09 12:22:19', '2026-03-09 12:22:19', NULL);

-- --------------------------------------------------------

--
-- Table structure for table `produks`
--

CREATE TABLE `produks` (
  `id` int(11) NOT NULL,
  `nama` varchar(45) NOT NULL,
  `created_at` datetime DEFAULT current_timestamp(),
  `updated_at` datetime DEFAULT current_timestamp(),
  `golongan` enum('bebas','terbatas','keras','narkotika','psikotropika') NOT NULL,
  `sellingprice` double NOT NULL,
  `image` blob DEFAULT NULL,
  `deskripsi` text NOT NULL,
  `deleted_at` datetime DEFAULT NULL
) ENGINE=InnoDB DEFAULT CHARSET=utf8 COLLATE=utf8_general_ci;

--
-- Dumping data for table `produks`
--

INSERT INTO `produks` (`id`, `nama`, `created_at`, `updated_at`, `golongan`, `sellingprice`, `image`, `deskripsi`, `deleted_at`) VALUES
(10, 'OBH Combi 100ML', '2025-04-14 13:07:01', '2025-04-23 09:59:22', 'bebas', 21000, 0x313734353430323334385f6f6268636f6d62693130306d6c2e6a706567, 'Obat Batuk dan Flu', NULL),
(11, 'Listerine 250 ML', '2025-04-14 13:07:01', '2025-04-23 09:55:30', 'bebas', 17000, 0x313734353430323131375f6c6973746572696e653235306d6c2e6a706567, 'Obat Kumur', NULL),
(12, 'Paracetamol 500 mg', '2025-04-14 08:29:22', '2025-04-23 09:59:16', 'terbatas', 21000, 0x313734353430323335365f70617261636574616d6f6c3530306d672e6a706567, 'Obat Demam', NULL),
(14, 'C10H15N', '2025-04-14 08:40:57', '2025-04-23 09:55:08', 'keras', 400000, 0x313734353430323130385f4331304831354e2e6a7067, 'KERAS. Jangan Dijual', NULL),
(15, 'Pocari Sweat 500 ML', '2025-04-25 10:46:03', '2025-04-25 10:47:43', 'bebas', 8000, 0x313734353537383036335f706f63617269203530306d6c2e6a7067, 'minuman isotonik', NULL),
(16, 'Tongkat Kruk', '2025-05-30 02:55:02', '2025-05-30 02:55:02', 'bebas', 30, NULL, 'Tongkat untuk berjalan', NULL),
(17, 'Apialys', '2025-06-16 07:54:18', '2025-06-16 07:54:18', 'terbatas', 50000, NULL, 'Obat ini berfungsi sebagai penyembuh', NULL),
(18, 'Busmin', '2025-06-16 08:00:46', '2025-06-16 08:00:46', 'terbatas', 8800, NULL, 'Obat untuk menyembuhkan pasien, Perlu resep dokter', NULL),
(19, 'Panadol', '2025-06-18 07:56:00', '2025-06-18 07:56:00', 'bebas', 2300, NULL, 'Obat sakit kepala', NULL),
(20, 'FG Troches', '2025-06-18 15:39:21', '2025-06-18 15:39:21', 'keras', 15000, NULL, 'Obat antibiotik, untuk radang tenggorokan.', NULL),
(21, 'Ganja', '2026-03-11 04:59:29', '2026-03-11 04:59:29', 'narkotika', 30, NULL, 'Produk Narkotika', NULL),
(22, 'LSD', '2026-03-11 04:59:49', '2026-03-11 04:59:49', 'psikotropika', 30, NULL, 'Produk Psikotropika', NULL);

-- --------------------------------------------------------

--
-- Table structure for table `profilapoteks`
--

CREATE TABLE `profilapoteks` (
  `id` int(11) NOT NULL,
  `nama` varchar(45) NOT NULL,
  `alamat` varchar(45) NOT NULL,
  `no_hp` varchar(20) DEFAULT NULL,
  `email` varchar(255) DEFAULT NULL,
  `logo` blob DEFAULT NULL,
  `deskripsi` text NOT NULL,
  `jam_operasional` varchar(255) NOT NULL,
  `pemilik_id` int(11) NOT NULL,
  `created_at` datetime DEFAULT current_timestamp(),
  `updated_at` datetime DEFAULT current_timestamp(),
  `deleted_at` datetime DEFAULT NULL
) ENGINE=InnoDB DEFAULT CHARSET=utf8 COLLATE=utf8_general_ci;

--
-- Dumping data for table `profilapoteks`
--

INSERT INTO `profilapoteks` (`id`, `nama`, `alamat`, `no_hp`, `email`, `logo`, `deskripsi`, `jam_operasional`, `pemilik_id`, `created_at`, `updated_at`, `deleted_at`) VALUES
(1, 'Purigama', 'Jl A Yani Malang Turen', '(781) 522-3000', 'purigama@email.com', 0x313734363334353135395f6c6f676f2061706f74656b2e706e67, 'Lorem ipsum dolor sit amet, consectetur adipiscing elit. Vivamus quis mattis nunc. Ut vel enim sed urna varius vehicula at tempor velit. Nam ullamcorper efficitur varius. Vestibulum et rhoncus urna. Morbi vitae sapien eu leo ullamcorper placerat et in lacus. Duis dapibus, justo nec aliquet placerat, purus est pretium odio, a placerat nisi magna in velit. Morbi non leo nec risus efficitur blandit. Cras blandit nunc nec facilisis feugiat. Nam quam massa, finibus non sagittis ac, dictum luctus mi. Etiam cursus ante nibh, eget faucibus ipsum euismod ac. Ut dignissim id leo egestas fermentum. Vivamus sollicitudin diam interdum neque ullamcorper, quis pellentesque libero consequat. Etiam vel consectetur sem. Nam mauris purus, sodales non dui eget, efficitur tristique leo.\r\n\r\nMaecenas id augue ornare, rhoncus ex vitae, maximus eros. Duis molestie metus purus, nec blandit ex tincidunt nec. Donec eu dui nulla. In a egestas arcu. Integer eget nisi vel diam sagittis fringilla. Nulla facilisi. Nunc ut libero nulla. Ut eu maximus libero. Proin molestie elit id lorem ornare, eget tincidunt nulla lacinia. Cras et sagittis elit, congue accumsan libero. Aenean orci eros, tincidunt non risus sed, commodo suscipit leo. Sed dignissim congue venenatis. Nullam vel felis ligula.\r\n\r\nEtiam faucibus ligula magna, vel venenatis sem accumsan sit amet. Sed vel porttitor massa. Quisque dignissim tellus vulputate maximus egestas. Vestibulum rutrum diam vitae ligula vulputate, ac faucibus augue facilisis. Maecenas et fermentum augue. Etiam porttitor elit eget bibendum interdum. Nunc ultricies eu ligula id fermentum. Sed at placerat orci. Nunc blandit risus ut libero interdum auctor. Etiam malesuada maximus ante, at gravida nulla volutpat at. Proin vulputate posuere aliquam. Integer eget tincidunt arcu. Morbi eleifend cursus tempus. Phasellus faucibus dapibus quam, vel tincidunt augue elementum quis. Fusce nec sem felis.', 'Senin - Sabtu (08:00 - 20:00)', 1, '2025-05-04 07:45:45', '2025-05-04 08:10:30', NULL);

-- --------------------------------------------------------

--
-- Table structure for table `racikanproduks`
--

CREATE TABLE `racikanproduks` (
  `racikans_id` int(11) NOT NULL,
  `produks_id` int(11) NOT NULL,
  `quantity` int(11) NOT NULL,
  `created_at` datetime DEFAULT current_timestamp(),
  `updated_at` datetime DEFAULT current_timestamp(),
  `deleted_at` datetime DEFAULT NULL
) ENGINE=InnoDB DEFAULT CHARSET=utf8 COLLATE=utf8_general_ci;

--
-- Dumping data for table `racikanproduks`
--

INSERT INTO `racikanproduks` (`racikans_id`, `produks_id`, `quantity`, `created_at`, `updated_at`, `deleted_at`) VALUES
(1, 10, 1, '2025-05-17 07:43:53', '2026-03-11 05:22:30', NULL),
(1, 14, 1, '2025-05-17 07:44:13', '2026-03-11 05:22:30', NULL),
(2, 10, 2, '2025-05-17 05:37:33', '2026-03-11 05:18:04', NULL),
(2, 11, 1, '2025-05-17 05:28:29', '2026-03-11 05:18:04', NULL),
(2, 12, 2, '2025-05-17 05:11:45', '2026-03-11 05:18:04', NULL),
(2, 14, 1, '2025-05-17 05:11:45', '2026-03-11 05:18:04', NULL),
(3, 12, 10, '2025-06-13 12:28:22', '2025-06-13 12:28:22', NULL),
(4, 12, 2500, '2025-07-23 05:20:30', '2025-07-23 05:20:30', NULL),
(4, 14, 1, '2025-07-23 05:15:14', '2025-07-23 05:20:30', NULL),
(4, 16, 2000, '2025-07-23 05:15:14', '2025-07-23 05:20:30', '2025-07-23 05:20:30'),
(5, 12, 2, '2025-07-24 11:02:53', '2025-07-24 11:02:53', NULL),
(5, 14, 1, '2025-07-24 11:02:53', '2025-07-24 11:02:53', NULL),
(6, 12, 2, '2025-07-29 05:21:35', '2025-07-29 05:21:35', NULL),
(6, 20, 1, '2025-07-29 05:21:35', '2025-07-29 05:21:35', NULL),
(7, 21, 1, '2026-03-11 05:25:55', '2026-03-11 05:26:47', NULL),
(7, 22, 1, '2026-03-11 05:25:55', '2026-03-11 05:26:47', NULL);

-- --------------------------------------------------------

--
-- Table structure for table `racikans`
--

CREATE TABLE `racikans` (
  `id` int(11) NOT NULL,
  `nama` varchar(225) NOT NULL,
  `biaya_embalase` double NOT NULL,
  `deskripsi` text NOT NULL,
  `nama_dokter` varchar(255) NOT NULL,
  `alamat_dokter` text DEFAULT NULL,
  `nama_pasien` varchar(255) NOT NULL,
  `alamat_pasien` text DEFAULT NULL,
  `aturan_pakai` text NOT NULL,
  `bukti_resep` blob DEFAULT NULL,
  `tgl_ambil` datetime DEFAULT NULL,
  `created_at` datetime DEFAULT current_timestamp(),
  `updated_at` datetime DEFAULT current_timestamp(),
  `deleted_at` datetime DEFAULT NULL
) ENGINE=InnoDB DEFAULT CHARSET=utf8 COLLATE=utf8_general_ci;

--
-- Dumping data for table `racikans`
--

INSERT INTO `racikans` (`id`, `nama`, `biaya_embalase`, `deskripsi`, `nama_dokter`, `alamat_dokter`, `nama_pasien`, `alamat_pasien`, `aturan_pakai`, `bukti_resep`, `tgl_ambil`, `created_at`, `updated_at`, `deleted_at`) VALUES
(1, 'Racikan Obat Batuk Custom Full Spek Mber', 2000, 'Bisa menyembuhkan batuk berdahak/non-dahak sekali Minum', 'dr a', 'jl dokter no 1', 'pasien khusus a', 'jl pasien no 1', 'Langsung tenggak, bisa kapanpun, langsung habiskan 1 botol', 0x313735333335353934315f6578616d706c652070726f66207069632e706e67, '2026-03-10 00:00:00', '2025-05-17 04:42:58', '2026-03-11 05:22:30', NULL),
(2, 'Racikan Obat Flu Custom Full Spek Mber', 3000, 'Bisa menyembuhkan flu sekali minum', 'dr a', 'jl dokter no 1', 'pasien khusus a', 'jl pasien no 1', 'tenggak sampai habis', NULL, '2026-03-11 12:16:39', '2025-05-17 05:11:45', '2025-05-17 06:51:55', NULL),
(3, 'Racikan Tn X', 3000, 'Racikan Obat flu dari dr X', 'dr a', 'jl dokter no 1', 'pasien khusus a', 'jl pasien no 1', '3x sehari', NULL, '2026-03-11 12:16:39', '2025-06-13 12:28:22', '2025-06-13 12:28:22', NULL),
(4, 'Resep obat batuk pak a', 2000, 'racikan berisikan kecap manis dan jeruk nipis', 'dr a', 'jl dokter no 1', 'pasien khusus a', 'jl pasien no 1', '3 x 1 hari', NULL, '2026-03-11 12:16:39', '2025-07-23 05:15:14', '2025-07-23 05:15:14', NULL),
(5, 'racikan tn b', 2000, 'racikan untuk tuan b', 'dr b', 'jl dokter no 2', 'tn b', 'jl pasien no 2', 'minum 3x1 hari', NULL, '2026-03-11 12:16:39', '2025-07-24 11:02:53', '2025-07-24 11:02:53', NULL),
(6, 'racikan untuk tn c', 1500, 'racikan yang dibuat untuk penyakit tn c', 'dr c', 'jl dokter no 3', 'tn c', 'jl pasien no 3', '3x1 hari, setalah makan', 0x313735333736363539375f6578616d706c652070726f66207069632e706e67, '2026-03-11 12:16:39', '2025-07-29 05:21:35', '2025-07-29 05:23:17', NULL),
(7, 'Racikan tn a', 3000, 'Racikan ganja dan LSD', 'dr a', 'jl dokter no a', 'pasien khusus a', 'jl pasien no a', 'sesuai resep', 0x313737333230363739315f6578616d706c652070726f66207069632e706e67, '2026-03-11 00:00:00', '2026-03-11 05:25:55', '2026-03-11 05:26:47', NULL);

-- --------------------------------------------------------

--
-- Table structure for table `satuans`
--

CREATE TABLE `satuans` (
  `id` int(11) NOT NULL,
  `nama` varchar(45) NOT NULL,
  `updated_at` datetime DEFAULT current_timestamp(),
  `created_at` datetime DEFAULT current_timestamp(),
  `deleted_at` datetime DEFAULT NULL
) ENGINE=InnoDB DEFAULT CHARSET=utf8 COLLATE=utf8_general_ci;

--
-- Dumping data for table `satuans`
--

INSERT INTO `satuans` (`id`, `nama`, `updated_at`, `created_at`, `deleted_at`) VALUES
(7, 'Botol', '2025-04-14 07:31:18', '2025-04-14 07:31:18', NULL),
(8, 'Strip', '2026-03-05 12:50:57', '2025-04-14 15:17:29', NULL),
(9, 'Butir', '2025-04-14 15:17:39', '2025-04-14 15:17:39', NULL),
(12, 'Pcs', '2025-05-30 02:53:45', '2025-05-30 02:53:45', NULL),
(13, 'Kapsul', '2025-06-16 07:58:06', '2025-06-16 07:58:06', NULL);

-- --------------------------------------------------------

--
-- Table structure for table `sessions`
--

CREATE TABLE `sessions` (
  `id` varchar(255) NOT NULL,
  `user_id` bigint(20) UNSIGNED DEFAULT NULL,
  `ip_address` varchar(45) DEFAULT NULL,
  `user_agent` text DEFAULT NULL,
  `payload` longtext NOT NULL,
  `last_activity` int(11) NOT NULL
) ENGINE=InnoDB DEFAULT CHARSET=utf8mb4 COLLATE=utf8mb4_unicode_ci;

--
-- Dumping data for table `sessions`
--

INSERT INTO `sessions` (`id`, `user_id`, `ip_address`, `user_agent`, `payload`, `last_activity`) VALUES
('A0Qbz96OUzEQX5WN4JZSrV5MBaiKimS72owyaPAA', NULL, '127.0.0.1', 'Mozilla/5.0 (Windows NT 10.0; Win64; x64) AppleWebKit/537.36 (KHTML, like Gecko) Chrome/144.0.0.0 Safari/537.36', 'YTozOntzOjY6Il90b2tlbiI7czo0MDoiYmx0ZDhTZVp3a21IYm9ONUtkd3VraXNXV3NqUUxmc1ZiQ3YxUTZXbyI7czo5OiJfcHJldmlvdXMiO2E6MTp7czozOiJ1cmwiO3M6MjE6Imh0dHA6Ly8xMjcuMC4wLjE6ODAwMCI7fXM6NjoiX2ZsYXNoIjthOjI6e3M6Mzoib2xkIjthOjA6e31zOjM6Im5ldyI7YTowOnt9fX0=', 1771389518);

-- --------------------------------------------------------

--
-- Table structure for table `terimabatches`
--

CREATE TABLE `terimabatches` (
  `id` int(11) NOT NULL,
  `produkbatches_id` int(11) NOT NULL,
  `pegawai_id` int(11) NOT NULL,
  `stok` int(11) NOT NULL,
  `gudangs_id` int(11) NOT NULL,
  `created_at` datetime DEFAULT current_timestamp(),
  `updated_at` datetime DEFAULT current_timestamp(),
  `deleted_at` datetime DEFAULT NULL
) ENGINE=InnoDB DEFAULT CHARSET=utf8mb4 COLLATE=utf8mb4_general_ci;

--
-- Dumping data for table `terimabatches`
--

INSERT INTO `terimabatches` (`id`, `produkbatches_id`, `pegawai_id`, `stok`, `gudangs_id`, `created_at`, `updated_at`, `deleted_at`) VALUES
(2, 7, 1, 10, 8, '2025-04-25 09:26:43', '2025-04-25 10:31:47', NULL),
(3, 10, 1, 15, 7, '2025-04-25 10:48:09', '2025-04-25 10:48:09', NULL),
(4, 11, 1, 15, 7, '2025-05-07 08:25:32', '2025-05-07 08:25:32', NULL),
(5, 12, 1, 10, 7, '2025-05-07 08:25:44', '2025-05-07 08:25:44', NULL),
(6, 13, 1, 10, 7, '2025-05-07 08:25:55', '2025-05-07 08:25:55', NULL),
(7, 10, 1, 15, 7, '2025-05-07 09:14:21', '2025-05-07 09:14:21', NULL),
(8, 10, 1, 15, 7, '2025-05-15 15:40:01', '2025-05-15 15:40:01', NULL),
(9, 3, 1, 41, 7, '2025-05-15 16:09:07', '2025-05-15 16:09:07', NULL),
(10, 14, 1, 30, 7, '2025-05-15 16:18:42', '2025-05-15 16:18:42', NULL),
(11, 15, 1, 30, 7, '2025-05-15 16:19:29', '2025-05-15 16:19:29', NULL),
(12, 10, 2, 15, 7, '2025-05-16 10:44:22', '2025-05-16 10:44:22', NULL),
(13, 16, 2, 10, 7, '2025-05-16 10:48:27', '2025-05-16 10:48:27', NULL),
(14, 5, 1, 60, 7, '2025-05-19 05:37:15', '2025-05-19 05:37:15', NULL),
(15, 17, 1, 70, 7, '2025-05-19 05:37:40', '2025-05-19 05:37:40', NULL),
(16, 1, 1, 10, 7, '2025-05-24 08:14:22', '2025-05-24 08:14:22', NULL),
(17, 1, 1, 8, 7, '2025-05-24 08:14:31', '2025-05-24 08:14:31', NULL),
(18, 1, 1, 2, 7, '2025-05-24 08:14:36', '2025-05-24 08:14:36', NULL),
(19, 3, 1, 2, 7, '2025-05-24 08:16:39', '2025-05-24 08:16:39', NULL),
(20, 3, 1, 57, 7, '2025-05-24 08:17:44', '2025-05-24 08:17:44', NULL),
(21, 18, 1, 10, 7, '2025-05-30 02:55:35', '2025-05-30 02:55:35', NULL),
(22, 19, 1, 10, 7, '2025-05-30 03:30:39', '2025-05-30 03:30:39', NULL),
(23, 20, 1, 5, 8, '2025-05-30 03:35:35', '2025-05-30 03:35:35', NULL),
(24, 20, 1, 10, 7, '2025-05-30 03:35:59', '2025-05-30 03:35:59', NULL),
(25, 22, 1, 2, 8, '2025-05-30 03:52:48', '2025-05-30 03:52:48', NULL),
(26, 22, 1, 3, 7, '2025-05-30 03:55:58', '2025-05-30 03:55:58', NULL),
(27, 24, 1, 2, 8, '2025-05-30 04:01:58', '2025-05-30 04:01:58', NULL),
(28, 24, 1, 5, 7, '2025-05-30 04:12:18', '2025-05-30 04:12:18', NULL),
(29, 24, 1, 3, 8, '2025-05-30 04:12:36', '2025-05-30 04:12:36', NULL),
(30, 27, 1, 5, 7, '2025-06-08 06:54:24', '2025-06-08 06:54:24', NULL),
(31, 28, 1, 5, 7, '2025-06-08 07:00:07', '2025-06-08 07:00:07', NULL),
(32, 29, 1, 5, 7, '2025-06-08 07:01:33', '2025-06-08 07:01:33', NULL),
(33, 32, 1, 300, 7, '2025-06-16 08:05:11', '2025-06-16 08:05:11', NULL),
(34, 33, 1, 6500, 7, '2025-06-16 08:05:26', '2025-06-16 08:05:26', NULL),
(35, 30, 1, 10, 7, '2025-06-18 07:45:32', '2025-06-18 07:45:32', NULL),
(36, 31, 1, 10, 7, '2025-06-18 07:45:42', '2025-06-18 07:45:42', NULL),
(37, 35, 1, 3, 7, '2025-06-18 07:45:55', '2025-06-18 07:45:55', NULL),
(38, 36, 1, 20, 7, '2025-06-18 07:57:09', '2025-06-18 07:57:09', NULL),
(39, 37, 1, 10, 7, '2025-06-18 07:57:19', '2025-06-18 07:57:19', NULL),
(40, 38, 1, 20, 7, '2025-06-18 15:39:49', '2025-06-18 15:39:49', NULL),
(41, 40, 1, 100, 7, '2025-06-21 06:04:21', '2025-06-21 06:04:21', NULL),
(42, 39, 1, 5300, 7, '2025-06-21 06:05:06', '2025-06-21 06:05:06', NULL),
(43, 42, 1, 10, 7, '2026-03-05 11:48:19', '2026-03-05 11:48:19', NULL),
(44, 44, 1, 100, 7, '2026-03-11 05:02:23', '2026-03-11 05:02:23', NULL),
(45, 43, 1, 75, 7, '2026-03-11 05:02:41', '2026-03-11 05:02:41', NULL);

-- --------------------------------------------------------

--
-- Table structure for table `users`
--

CREATE TABLE `users` (
  `id` int(11) NOT NULL,
  `nama` varchar(225) NOT NULL,
  `email` varchar(105) NOT NULL,
  `email_verified_at` timestamp NULL DEFAULT NULL,
  `no_hp` varchar(20) DEFAULT NULL,
  `username` varchar(30) NOT NULL,
  `password` varchar(255) NOT NULL,
  `remember_token` varchar(100) DEFAULT NULL,
  `created_at` datetime DEFAULT current_timestamp(),
  `updated_at` datetime DEFAULT current_timestamp(),
  `image` blob DEFAULT NULL,
  `tipe_user` enum('karyawan','admin','apoteker','kasir') NOT NULL,
  `deleted_at` datetime DEFAULT NULL
) ENGINE=InnoDB DEFAULT CHARSET=utf8 COLLATE=utf8_general_ci;

--
-- Dumping data for table `users`
--

INSERT INTO `users` (`id`, `nama`, `email`, `email_verified_at`, `no_hp`, `username`, `password`, `remember_token`, `created_at`, `updated_at`, `image`, `tipe_user`, `deleted_at`) VALUES
(1, 'Admin', 'admin@email.com', NULL, '081081081', 'admin', '$2y$12$Byy6MsDm0gqeAJtsEZaIoeM8pTYUOpx99umTyPxT5CHGf38lFyqMu', NULL, '2025-04-08 08:11:51', '2025-07-22 17:34:24', 0x313735333230353636345f6578616d706c652070726f66207069632e706e67, 'admin', NULL),
(2, 'Karyawan', 'michaeltimonuli@gmail.com', NULL, '081081081', 'karyawan', '$2y$12$vf0pg3989s2W4OTyu.UXnu3km/JsO9PnNa/.hFPHQDO2eV.rpjzaW', '3Re4COY7iWlzUOG1BI0owNqkLUXx6F9OntguAfURbwWS3noP99jK1EXxSbnD', '2025-04-08 08:15:20', '2025-05-31 11:19:36', NULL, 'karyawan', NULL),
(3, 'Apoteker', 'apoteker@gmail.com', NULL, '081081081', 'apoteker', '$2y$12$XAt56dTXCVoUvSl9Rkz4Qe./H0fg70xKIjzxS9TTYVUX.a19bUkX2', 'X87FlEYv7yGAJflPP2qOLyjtCOKcXkxfeB9LoGlyXuOpzPnoGvcsg3171s0J', '2025-04-08 08:15:20', '2026-03-05 12:42:13', NULL, 'apoteker', NULL),
(6, 'Kasir', 'kasir@gmail.com', NULL, '081081081', 'kasir', '$2y$12$GnYgYebkCXOQOqAt6rJHZu2r6ECrP4PdsnW3.2t443Wy/r7aoYjtm', 'Ywz1NPEx656KvhjpH3BqYxDAdNEbtmynjMCyRpoxsr6SPewuQsIJtdXXlh2h', '2025-04-08 08:15:20', '2026-03-05 12:56:34', NULL, 'kasir', NULL),
(15, 'kasir2', 'kasir2@gmail.com', NULL, '081081081', 'kasir2', '$2y$12$Hpk3et51JzLkWRMRDzosi.EKTr.To2KIE5aAtIQ8eT1Hkx2BIEXY2', NULL, '2026-03-16 17:09:07', '2026-03-16 17:09:07', 0x313737333638303934375f6578616d706c652070726f66207069632e706e67, 'kasir', NULL);

--
-- Indexes for dumped tables
--

--
-- Indexes for table `cache`
--
ALTER TABLE `cache`
  ADD PRIMARY KEY (`key`);

--
-- Indexes for table `cache_locks`
--
ALTER TABLE `cache_locks`
  ADD PRIMARY KEY (`key`);

--
-- Indexes for table `distributors`
--
ALTER TABLE `distributors`
  ADD PRIMARY KEY (`id`);

--
-- Indexes for table `failed_jobs`
--
ALTER TABLE `failed_jobs`
  ADD PRIMARY KEY (`id`),
  ADD UNIQUE KEY `failed_jobs_uuid_unique` (`uuid`);

--
-- Indexes for table `gudangs`
--
ALTER TABLE `gudangs`
  ADD PRIMARY KEY (`id`);

--
-- Indexes for table `jobs`
--
ALTER TABLE `jobs`
  ADD PRIMARY KEY (`id`),
  ADD KEY `jobs_queue_index` (`queue`);

--
-- Indexes for table `job_batches`
--
ALTER TABLE `job_batches`
  ADD PRIMARY KEY (`id`);

--
-- Indexes for table `migrations`
--
ALTER TABLE `migrations`
  ADD PRIMARY KEY (`id`);

--
-- Indexes for table `notabelis`
--
ALTER TABLE `notabelis`
  ADD PRIMARY KEY (`id`),
  ADD KEY `fk_notabelis_users1_idx` (`pegawai_id`);

--
-- Indexes for table `notabelis_has_produks`
--
ALTER TABLE `notabelis_has_produks`
  ADD PRIMARY KEY (`notabelis_id`,`produkbatches_id`),
  ADD KEY `fk_notabelis_has_produks_notabelis1_idx` (`notabelis_id`),
  ADD KEY `fk_notabelis_has_produks_produkbatches1_idx` (`produkbatches_id`);

--
-- Indexes for table `notajuals`
--
ALTER TABLE `notajuals`
  ADD PRIMARY KEY (`id`),
  ADD KEY `fk_tNotaJual_tUser1_idx` (`pegawai_id`);

--
-- Indexes for table `notajuals_has_produks`
--
ALTER TABLE `notajuals_has_produks`
  ADD PRIMARY KEY (`notajuals_id`,`produkbatches_id`),
  ADD KEY `fk_notajuals_has_produks_notajuals1_idx` (`notajuals_id`),
  ADD KEY `fk_notajuals_has_produks_produkbatches1_idx` (`produkbatches_id`);

--
-- Indexes for table `notajuals_has_racikans`
--
ALTER TABLE `notajuals_has_racikans`
  ADD PRIMARY KEY (`notajuals_id`,`racikans_id`),
  ADD KEY `fk_notajuals_has_racikans_racikans1_idx` (`racikans_id`),
  ADD KEY `fk_notajuals_has_racikans_notajuals1_idx` (`notajuals_id`);

--
-- Indexes for table `password_reset_tokens`
--
ALTER TABLE `password_reset_tokens`
  ADD PRIMARY KEY (`email`);

--
-- Indexes for table `produkbatches`
--
ALTER TABLE `produkbatches`
  ADD PRIMARY KEY (`id`),
  ADD KEY `fk_produk_batches_distributors1_idx` (`distributors_id`),
  ADD KEY `fk_produk_batches_satuans1_idx` (`satuans_id`),
  ADD KEY `fk_produk_batches_gudangs1_idx` (`gudangs_id`),
  ADD KEY `fk_produk_batches_produks` (`produks_id`);

--
-- Indexes for table `produkopnames`
--
ALTER TABLE `produkopnames`
  ADD PRIMARY KEY (`id`),
  ADD KEY `fk_produkopnames_satuans1_idx` (`satuans_id`),
  ADD KEY `produks_id` (`produks_id`) USING BTREE;

--
-- Indexes for table `produks`
--
ALTER TABLE `produks`
  ADD PRIMARY KEY (`id`);

--
-- Indexes for table `profilapoteks`
--
ALTER TABLE `profilapoteks`
  ADD PRIMARY KEY (`id`),
  ADD KEY `fk_tProfilApotek_tUser1_idx` (`pemilik_id`);

--
-- Indexes for table `racikanproduks`
--
ALTER TABLE `racikanproduks`
  ADD PRIMARY KEY (`racikans_id`,`produks_id`),
  ADD KEY `fk_racikans_has_produks_produks1_idx` (`produks_id`),
  ADD KEY `fk_racikans_has_produks_racikans_idx` (`racikans_id`);

--
-- Indexes for table `racikans`
--
ALTER TABLE `racikans`
  ADD PRIMARY KEY (`id`);

--
-- Indexes for table `satuans`
--
ALTER TABLE `satuans`
  ADD PRIMARY KEY (`id`);

--
-- Indexes for table `sessions`
--
ALTER TABLE `sessions`
  ADD PRIMARY KEY (`id`),
  ADD KEY `sessions_user_id_index` (`user_id`),
  ADD KEY `sessions_last_activity_index` (`last_activity`);

--
-- Indexes for table `terimabatches`
--
ALTER TABLE `terimabatches`
  ADD PRIMARY KEY (`id`),
  ADD KEY `fk_terimabatches_users1_idx` (`pegawai_id`),
  ADD KEY `fk_terimabatches_batch_idx` (`produkbatches_id`),
  ADD KEY `fk_terimabatches_gudangs1_idx` (`gudangs_id`);

--
-- Indexes for table `users`
--
ALTER TABLE `users`
  ADD PRIMARY KEY (`id`),
  ADD UNIQUE KEY `email` (`email`) USING BTREE,
  ADD UNIQUE KEY `username` (`username`);

--
-- AUTO_INCREMENT for dumped tables
--

--
-- AUTO_INCREMENT for table `distributors`
--
ALTER TABLE `distributors`
  MODIFY `id` int(11) NOT NULL AUTO_INCREMENT, AUTO_INCREMENT=5;

--
-- AUTO_INCREMENT for table `failed_jobs`
--
ALTER TABLE `failed_jobs`
  MODIFY `id` bigint(20) UNSIGNED NOT NULL AUTO_INCREMENT;

--
-- AUTO_INCREMENT for table `gudangs`
--
ALTER TABLE `gudangs`
  MODIFY `id` int(11) NOT NULL AUTO_INCREMENT, AUTO_INCREMENT=9;

--
-- AUTO_INCREMENT for table `jobs`
--
ALTER TABLE `jobs`
  MODIFY `id` bigint(20) UNSIGNED NOT NULL AUTO_INCREMENT;

--
-- AUTO_INCREMENT for table `migrations`
--
ALTER TABLE `migrations`
  MODIFY `id` int(10) UNSIGNED NOT NULL AUTO_INCREMENT, AUTO_INCREMENT=4;

--
-- AUTO_INCREMENT for table `notabelis`
--
ALTER TABLE `notabelis`
  MODIFY `id` int(11) NOT NULL AUTO_INCREMENT, AUTO_INCREMENT=50;

--
-- AUTO_INCREMENT for table `notajuals`
--
ALTER TABLE `notajuals`
  MODIFY `id` int(11) NOT NULL AUTO_INCREMENT, AUTO_INCREMENT=210;

--
-- AUTO_INCREMENT for table `produkbatches`
--
ALTER TABLE `produkbatches`
  MODIFY `id` int(11) NOT NULL AUTO_INCREMENT, AUTO_INCREMENT=45;

--
-- AUTO_INCREMENT for table `produkopnames`
--
ALTER TABLE `produkopnames`
  MODIFY `id` int(11) NOT NULL AUTO_INCREMENT, AUTO_INCREMENT=5;

--
-- AUTO_INCREMENT for table `produks`
--
ALTER TABLE `produks`
  MODIFY `id` int(11) NOT NULL AUTO_INCREMENT, AUTO_INCREMENT=23;

--
-- AUTO_INCREMENT for table `profilapoteks`
--
ALTER TABLE `profilapoteks`
  MODIFY `id` int(11) NOT NULL AUTO_INCREMENT, AUTO_INCREMENT=2;

--
-- AUTO_INCREMENT for table `racikans`
--
ALTER TABLE `racikans`
  MODIFY `id` int(11) NOT NULL AUTO_INCREMENT, AUTO_INCREMENT=8;

--
-- AUTO_INCREMENT for table `satuans`
--
ALTER TABLE `satuans`
  MODIFY `id` int(11) NOT NULL AUTO_INCREMENT, AUTO_INCREMENT=14;

--
-- AUTO_INCREMENT for table `terimabatches`
--
ALTER TABLE `terimabatches`
  MODIFY `id` int(11) NOT NULL AUTO_INCREMENT, AUTO_INCREMENT=46;

--
-- AUTO_INCREMENT for table `users`
--
ALTER TABLE `users`
  MODIFY `id` int(11) NOT NULL AUTO_INCREMENT, AUTO_INCREMENT=16;

--
-- Constraints for dumped tables
--

--
-- Constraints for table `notabelis`
--
ALTER TABLE `notabelis`
  ADD CONSTRAINT `fk_notabelis_users1` FOREIGN KEY (`pegawai_id`) REFERENCES `users` (`id`) ON DELETE NO ACTION ON UPDATE NO ACTION;

--
-- Constraints for table `notabelis_has_produks`
--
ALTER TABLE `notabelis_has_produks`
  ADD CONSTRAINT `fk_notabelis_has_produks_notabelis1` FOREIGN KEY (`notabelis_id`) REFERENCES `notabelis` (`id`) ON DELETE NO ACTION ON UPDATE NO ACTION,
  ADD CONSTRAINT `fk_notabelis_has_produks_produkbatches1` FOREIGN KEY (`produkbatches_id`) REFERENCES `produkbatches` (`id`) ON DELETE NO ACTION ON UPDATE NO ACTION;

--
-- Constraints for table `notajuals`
--
ALTER TABLE `notajuals`
  ADD CONSTRAINT `fk_tNotaJual_tUser1` FOREIGN KEY (`pegawai_id`) REFERENCES `users` (`id`) ON DELETE NO ACTION ON UPDATE NO ACTION;

--
-- Constraints for table `notajuals_has_produks`
--
ALTER TABLE `notajuals_has_produks`
  ADD CONSTRAINT `fk_notajuals_has_produks_notajuals1` FOREIGN KEY (`notajuals_id`) REFERENCES `notajuals` (`id`) ON DELETE NO ACTION ON UPDATE NO ACTION,
  ADD CONSTRAINT `fk_notajuals_has_produks_produkbatches1` FOREIGN KEY (`produkbatches_id`) REFERENCES `produkbatches` (`id`) ON DELETE NO ACTION ON UPDATE NO ACTION;

--
-- Constraints for table `notajuals_has_racikans`
--
ALTER TABLE `notajuals_has_racikans`
  ADD CONSTRAINT `fk_notajuals_has_racikans_notajuals1` FOREIGN KEY (`notajuals_id`) REFERENCES `notajuals` (`id`) ON DELETE NO ACTION ON UPDATE NO ACTION,
  ADD CONSTRAINT `fk_notajuals_has_racikans_racikans1` FOREIGN KEY (`racikans_id`) REFERENCES `racikans` (`id`) ON DELETE NO ACTION ON UPDATE NO ACTION;

--
-- Constraints for table `produkbatches`
--
ALTER TABLE `produkbatches`
  ADD CONSTRAINT `fk_produk_batches_distributors1` FOREIGN KEY (`distributors_id`) REFERENCES `distributors` (`id`) ON DELETE NO ACTION ON UPDATE NO ACTION,
  ADD CONSTRAINT `fk_produk_batches_gudangs1` FOREIGN KEY (`gudangs_id`) REFERENCES `gudangs` (`id`) ON DELETE NO ACTION ON UPDATE NO ACTION,
  ADD CONSTRAINT `fk_produk_batches_produks` FOREIGN KEY (`produks_id`) REFERENCES `produks` (`id`) ON DELETE NO ACTION ON UPDATE NO ACTION,
  ADD CONSTRAINT `fk_produk_batches_satuans1` FOREIGN KEY (`satuans_id`) REFERENCES `satuans` (`id`) ON DELETE NO ACTION ON UPDATE NO ACTION;

--
-- Constraints for table `produkopnames`
--
ALTER TABLE `produkopnames`
  ADD CONSTRAINT `fk_produkopnames_produks` FOREIGN KEY (`produks_id`) REFERENCES `produks` (`id`) ON DELETE NO ACTION ON UPDATE NO ACTION,
  ADD CONSTRAINT `fk_produkopnames_satuans1` FOREIGN KEY (`satuans_id`) REFERENCES `satuans` (`id`) ON DELETE NO ACTION ON UPDATE NO ACTION;

--
-- Constraints for table `profilapoteks`
--
ALTER TABLE `profilapoteks`
  ADD CONSTRAINT `fk_tProfilApotek_tUser1` FOREIGN KEY (`pemilik_id`) REFERENCES `users` (`id`) ON DELETE NO ACTION ON UPDATE NO ACTION;

--
-- Constraints for table `racikanproduks`
--
ALTER TABLE `racikanproduks`
  ADD CONSTRAINT `fk_racikans_has_produks_produks1` FOREIGN KEY (`produks_id`) REFERENCES `produks` (`id`) ON DELETE NO ACTION ON UPDATE NO ACTION,
  ADD CONSTRAINT `fk_racikans_has_produks_racikans` FOREIGN KEY (`racikans_id`) REFERENCES `racikans` (`id`) ON DELETE NO ACTION ON UPDATE NO ACTION;

--
-- Constraints for table `terimabatches`
--
ALTER TABLE `terimabatches`
  ADD CONSTRAINT `fk_terimabatches_gudangs1` FOREIGN KEY (`gudangs_id`) REFERENCES `gudangs` (`id`) ON DELETE NO ACTION ON UPDATE NO ACTION,
  ADD CONSTRAINT `fk_terimabatches_produkbatches` FOREIGN KEY (`produkbatches_id`) REFERENCES `produkbatches` (`id`) ON DELETE NO ACTION ON UPDATE NO ACTION,
  ADD CONSTRAINT `fk_terimabatches_users1` FOREIGN KEY (`pegawai_id`) REFERENCES `users` (`id`) ON DELETE NO ACTION ON UPDATE NO ACTION;
COMMIT;

/*!40101 SET CHARACTER_SET_CLIENT=@OLD_CHARACTER_SET_CLIENT */;
/*!40101 SET CHARACTER_SET_RESULTS=@OLD_CHARACTER_SET_RESULTS */;
/*!40101 SET COLLATION_CONNECTION=@OLD_COLLATION_CONNECTION */;
